path,graph_type,num_nodes,probability_of_edge,seed,k,el,m,visibility_func,heuristic_func,order_of_j,complete_search,upperbound_pruning,partition_type,radius,num_evaluated_partitions,num_valid_partitions,num_skipped_partitions,num_expanded_nodes,num_tot_paths,num_anonymized_paths,num_evaluated_partitions_till_first,num_expanded_nodes_till_first,avg_cost_anonymized_paths,total_time,msg,lowebound_cost,num_duplicated_partitions
output/tunnel2110.0orz000d.map_5random.out,null,-1,-1,-1,2,1,10,identity,tunnel,random,1,1,random,1,0,0,0,0,6,0,0,0,52.5916,5,,97.0365,0
output/tunnel211.0den201d.map_1cls.out,null,-1,-1,-1,2,1,1,identity,tunnel,random,1,1,clustering,1,0,0,0,0,6,0,0,0,0.711968,1,,43.3694,0
output/tunnel210.5lak202d.map_1cls.out,null,-1,-1,-1,2,1,0.5,identity,tunnel,random,1,1,clustering,1,0,0,0,0,6,0,0,0,0.136869,21,,265.94,0
output/tunnel215.0den101d.map_4random.out,null,-1,-1,-1,2,1,5,identity,tunnel,random,1,1,random,1,0,0,0,0,6,0,0,0,30.0448,3,,65.1605,0
output/tunnel210.5lak510d.map_3cls.out,null,-1,-1,-1,2,1,0.5,identity,tunnel,random,1,1,clustering,1,0,0,0,0,6,0,0,0,0.181941,139,,169.435,0
output/tunnel210.3den101d.map_5random.out,null,-1,-1,-1,2,1,0.3,identity,tunnel,random,1,1,random,1,0,0,0,0,6,0,0,0,1.36641,5,,64.1856,0
output/tunnel2110.0lak510d.map_1cls.out,null,-1,-1,-1,2,1,10,identity,tunnel,random,1,1,clustering,1,0,0,0,0,6,0,0,0,9.64472,8,,164.859,0
output/tunnel213.0lak510d.map_2cls.out,null,-1,-1,-1,2,1,3,identity,tunnel,random,1,1,clustering,1,0,0,0,0,6,0,0,0,2.6413,7,,157.074,0
output/tunnel211.0den201d.map_4merge.out,null,-1,-1,-1,2,1,1,identity,tunnel,asccost,1,1,merge,1,184,1,191,39829,6,8,5,382,0.058671,230, 0.058671 0.014706 0.038671 0.038671 0.058671 0.058671 0.058671 0.058671,34.9552,37
output/tunnel211.0orz201d.map_4random.out,null,-1,-1,-1,2,1,1,identity,tunnel,random,1,1,random,1,0,0,0,0,6,0,0,0,4.47196,4,,63.0983,0
output/tunnel210.1orz000d.map_3random.out,null,-1,-1,-1,2,1,0.1,identity,tunnel,random,1,1,random,1,0,0,0,0,6,0,0,0,0.397632,8,,118.373,0
output/tunnel212.0den101d.map_2cls.out,null,-1,-1,-1,2,1,2,identity,tunnel,random,1,1,clustering,1,0,0,0,0,6,0,0,0,1.74995,3,,73.4035,0
output/tunnel2110.0orz000d.map_3cls.out,null,-1,-1,-1,2,1,10,identity,tunnel,random,1,1,clustering,1,0,0,0,0,6,0,0,0,9.64306,8,,118.373,0
output/tunnel210.3den101d.map_5cls.out,null,-1,-1,-1,2,1,0.3,identity,tunnel,random,1,1,clustering,1,0,0,0,0,6,0,0,0,0.0337838,70,,64.1856,0
output/tunnel210.5den101d.map_3cls.out,null,-1,-1,-1,2,1,0.5,identity,tunnel,random,1,1,clustering,1,0,0,0,0,6,0,0,0,0.337618,5,,93.7364,0
output/tunnel211.0den101d.map_1merge.out,null,-1,-1,-1,2,1,1,identity,tunnel,asccost,1,1,merge,1,247,9,1056,273728,6,8,6,4952,0.216728,1674, 0.216728 0.000000 0.000000 0.023352 0.216728 0.216728 0.216728 0.216728,102.627,317
output/tunnel213.0den101d.map_1random.out,null,-1,-1,-1,2,1,3,identity,tunnel,random,1,1,random,1,0,0,0,0,6,0,0,0,15.2676,7,,102.627,0
output/tunnel210.3lak202d.map_4cls.out,null,-1,-1,-1,2,1,0.3,identity,tunnel,random,1,1,clustering,1,0,0,0,0,6,0,0,0,0.0739682,217,,205.634,0
output/tunnel212.0lak202d.map_1cls.out,null,-1,-1,-1,2,1,2,identity,tunnel,random,1,1,clustering,1,0,0,0,0,6,0,0,0,1.55007,9,,265.94,0
output/tunnel210.1den201d.map_2random.out,null,-1,-1,-1,2,1,0.1,identity,tunnel,random,1,1,random,1,0,0,0,0,6,0,0,0,0.218421,3,,31.0373,0
output/tunnel211.0lak202d.map_3random.out,null,-1,-1,-1,2,1,1,identity,tunnel,random,1,1,random,1,0,0,0,0,6,0,0,0,6.02643,7,,181.404,0
output/tunnel212.0den201d.map_2cls.out,null,-1,-1,-1,2,1,2,identity,tunnel,random,1,1,clustering,1,0,0,0,0,6,0,0,0,1.64652,1,,31.0373,0
output/tunnel215.0orz201d.map_3random.out,null,-1,-1,-1,2,1,5,identity,tunnel,random,1,1,random,1,0,0,0,0,6,0,0,0,32.3672,4,,52.2948,0
output/tunnel211.0den101d.map_5merge.out,null,-1,-1,-1,2,1,1,identity,tunnel,asccost,1,1,merge,1,1445,68,1525,3020833,6,8,5,3723,0.382378,17905, 0.348950 0.020270 0.074324 0.186487 0.348950 0.382378 0.382378 0.382378,64.1856,2317
output/tunnel210.5lak510d.map_1random.out,null,-1,-1,-1,2,1,0.5,identity,tunnel,random,1,1,random,1,0,0,0,0,6,0,0,0,2.16351,11,,164.859,0
output/tunnel210.5orz201d.map_2cls.out,null,-1,-1,-1,2,1,0.5,identity,tunnel,random,1,1,clustering,1,0,0,0,0,6,0,0,0,0.110068,17,,43.5195,0
output/tunnel213.0lak202d.map_4cls.out,null,-1,-1,-1,2,1,3,identity,tunnel,random,1,1,clustering,1,0,0,0,0,6,0,0,0,2.73923,9,,205.634,0
output/tunnel210.5den101d.map_4cls.out,null,-1,-1,-1,2,1,0.5,identity,tunnel,random,1,1,clustering,1,0,0,0,0,6,0,0,0,0.297332,29,,65.1605,0
output/tunnel210.1den101d.map_5cls.out,null,-1,-1,-1,2,1,0.1,identity,tunnel,random,1,1,clustering,1,0,0,0,0,6,0,0,0,0,68,,64.1856,0
output/tunnel212.0den201d.map_1random.out,null,-1,-1,-1,2,1,2,identity,tunnel,random,1,1,random,1,0,0,0,0,6,0,0,0,8.32927,2,,43.3694,0
output/tunnel211.0den201d.map_4random.out,null,-1,-1,-1,2,1,1,identity,tunnel,random,1,1,random,1,0,0,0,0,6,0,0,0,4.90422,1,,34.9552,0
output/tunnel2110.0orz201d.map_2cls.out,null,-1,-1,-1,2,1,10,identity,tunnel,random,1,1,clustering,1,0,0,0,0,6,0,0,0,9.72581,2,,43.5195,0
output/tunnel210.3den101d.map_1cls.out,null,-1,-1,-1,2,1,0.3,identity,tunnel,random,1,1,clustering,1,0,0,0,0,6,0,0,0,0.00903614,49,,102.627,0
output/tunnel210.1orz000d.map_1random.out,null,-1,-1,-1,2,1,0.1,identity,tunnel,random,1,1,random,1,0,0,0,0,6,0,0,0,0.437485,9,,116.842,0
output/tunnel211.0lak510d.map_2merge.out,null,-1,-1,-1,2,1,1,identity,tunnel,asccost,1,1,merge,1,978,34,1113,1785757,6,8,5,5703,0.0591241,9456, 0.059124 0.001852 0.001852 0.005501 0.059124 0.059124 0.059124 0.059124,157.074,868
output/tunnel211.0orz201d.map_5cls.out,null,-1,-1,-1,2,1,1,identity,tunnel,random,1,1,clustering,1,0,0,0,0,6,0,0,0,0.447124,1,,52.1857,0
output/tunnel210.3den101d.map_2random.out,null,-1,-1,-1,2,1,0.3,identity,tunnel,random,1,1,random,1,0,0,0,0,6,0,0,0,1.78527,4,,73.4035,0
output/tunnel210.5orz000d.map_1cls.out,null,-1,-1,-1,2,1,0.5,identity,tunnel,random,1,1,clustering,1,0,0,0,0,6,0,0,0,0.171805,152,,116.842,0
output/tunnel211.0orz000d.map_4merge.out,null,-1,-1,-1,2,1,1,identity,tunnel,asccost,1,1,merge,1,1373,57,1471,3687967,6,8,5,6186,0.250429,28368, 0.205429 0.000000 0.006757 0.037410 0.205429 0.250429 0.250429 0.250429,82.8784,1875
output/tunnel211.0den101d.map_3random.out,null,-1,-1,-1,2,1,1,identity,tunnel,random,1,1,random,1,0,0,0,0,6,0,0,0,4.10189,6,,93.7364,0
output/tunnel213.0lak202d.map_4random.out,null,-1,-1,-1,2,1,3,identity,tunnel,random,1,1,random,1,0,0,0,0,6,0,0,0,19.8215,13,,205.634,0
output/tunnel210.5den201d.map_5random.out,null,-1,-1,-1,2,1,0.5,identity,tunnel,random,1,1,random,1,0,0,0,0,6,0,0,0,2.53896,3,,45.5075,0
output/tunnel215.0den201d.map_3cls.out,null,-1,-1,-1,2,1,5,identity,tunnel,random,1,1,clustering,1,0,0,0,0,6,0,0,0,4.83848,2,,41.8321,0
output/tunnel211.0den201d.map_2cls.out,null,-1,-1,-1,2,1,1,identity,tunnel,random,1,1,clustering,1,0,0,0,0,6,0,0,0,0.646519,1,,31.0373,0
output/tunnel211.0lak202d.map_3cls.out,null,-1,-1,-1,2,1,1,identity,tunnel,random,1,1,clustering,1,0,0,0,0,6,0,0,0,0.633332,6,,181.404,0
output/tunnel210.3den201d.map_4cls.out,null,-1,-1,-1,2,1,0.3,identity,tunnel,random,1,1,clustering,1,0,0,0,0,6,0,0,0,0.136848,10,,34.9552,0
output/tunnel210.1lak202d.map_4random.out,null,-1,-1,-1,2,1,0.1,identity,tunnel,random,1,1,random,1,0,0,0,0,6,0,0,0,0.601653,13,,205.634,0
output/tunnel215.0lak510d.map_5cls.out,null,-1,-1,-1,2,1,5,identity,tunnel,random,1,1,clustering,1,0,0,0,0,6,0,0,0,4.76328,7,,125.683,0
output/tunnel210.3orz000d.map_2random.out,null,-1,-1,-1,2,1,0.3,identity,tunnel,random,1,1,random,1,0,0,0,0,6,0,0,0,2.17853,4,,91.7946,0
output/tunnel212.0lak202d.map_3random.out,null,-1,-1,-1,2,1,2,identity,tunnel,random,1,1,random,1,0,0,0,0,6,0,0,0,12.0322,7,,181.404,0
output/tunnel210.1orz201d.map_1random.out,null,-1,-1,-1,2,1,0.1,identity,tunnel,random,1,1,random,1,0,0,0,0,6,0,0,0,0.395925,3,,47.9408,0
output/tunnel210.3den201d.map_3cls.out,null,-1,-1,-1,2,1,0.3,identity,tunnel,random,1,1,clustering,1,0,0,0,0,6,0,0,0,0.068571,14,,41.8321,0
output/tunnel210.5lak510d.map_5cls.out,null,-1,-1,-1,2,1,0.5,identity,tunnel,random,1,1,clustering,1,0,0,0,0,6,0,0,0,0.244841,65,,125.683,0
output/tunnel210.3lak510d.map_3random.out,null,-1,-1,-1,2,1,0.3,identity,tunnel,random,1,1,random,1,0,0,0,0,6,0,0,0,1.20751,10,,169.435,0
output/tunnel210.1lak510d.map_2cls.out,null,-1,-1,-1,2,1,0.1,identity,tunnel,random,1,1,clustering,1,0,0,0,0,6,0,0,0,0.0037037,142,,157.074,0
output/tunnel2110.0den201d.map_2random.out,null,-1,-1,-1,2,1,10,identity,tunnel,random,1,1,random,1,0,0,0,0,6,0,0,0,39.2786,2,,31.0373,0
output/tunnel215.0orz201d.map_4random.out,null,-1,-1,-1,2,1,5,identity,tunnel,random,1,1,random,1,0,0,0,0,6,0,0,0,22.2816,4,,63.0983,0
output/tunnel215.0den101d.map_3random.out,null,-1,-1,-1,2,1,5,identity,tunnel,random,1,1,random,1,0,0,0,0,6,0,0,0,20.713,6,,93.7364,0
output/tunnel213.0orz201d.map_4random.out,null,-1,-1,-1,2,1,3,identity,tunnel,random,1,1,random,1,0,0,0,0,6,0,0,0,13.3808,4,,63.0983,0
output/tunnel211.0den101d.map_3cls.out,null,-1,-1,-1,2,1,1,identity,tunnel,random,1,1,clustering,1,0,0,0,0,6,0,0,0,0.833366,5,,93.7364,0
output/tunnel211.0lak510d.map_5random.out,null,-1,-1,-1,2,1,1,identity,tunnel,random,1,1,random,1,0,0,0,0,6,0,0,0,4.7444,7,,125.683,0
output/tunnel2110.0den201d.map_1cls.out,null,-1,-1,-1,2,1,10,identity,tunnel,random,1,1,clustering,1,0,0,0,0,6,0,0,0,9.71197,1,,43.3694,0
output/tunnel211.0orz201d.map_4merge.out,null,-1,-1,-1,2,1,1,identity,tunnel,asccost,1,1,merge,1,297,9,1099,196786,6,8,5,1874,0.187417,998, 0.187417 0.017857 0.028968 0.110574 0.187417 0.187417 0.187417 0.187417,63.0983,422
output/tunnel212.0orz201d.map_5cls.out,null,-1,-1,-1,2,1,2,identity,tunnel,random,1,1,clustering,1,0,0,0,0,6,0,0,0,1.44712,1,,52.1857,0
output/tunnel211.0den201d.map_1merge.out,null,-1,-1,-1,2,1,1,identity,tunnel,asccost,1,1,merge,1,92,1,209,18391,6,8,5,650,0.0161943,87, 0.016194 0.000000 0.006579 0.006579 0.016194 0.016194 0.016194 0.016194,43.3694,25
output/tunnel213.0lak510d.map_5random.out,null,-1,-1,-1,2,1,3,identity,tunnel,random,1,1,random,1,0,0,0,0,6,0,0,0,14.3686,7,,125.683,0
output/tunnel210.5den101d.map_5cls.out,null,-1,-1,-1,2,1,0.5,identity,tunnel,random,1,1,clustering,1,0,0,0,0,6,0,0,0,0.152278,18,,64.1856,0
output/tunnel211.0orz201d.map_3merge.out,null,-1,-1,-1,2,1,1,identity,tunnel,asccost,1,1,merge,1,211,18,659,215173,6,8,6,4086,0.221934,1178, 0.221934 0.000000 0.044118 0.075905 0.221934 0.221934 0.221934 0.221934,52.2948,226
output/tunnel210.5orz000d.map_5random.out,null,-1,-1,-1,2,1,0.5,identity,tunnel,random,1,1,random,1,0,0,0,0,6,0,0,0,2.51425,6,,97.0365,0
output/tunnel2110.0orz201d.map_2random.out,null,-1,-1,-1,2,1,10,identity,tunnel,random,1,1,random,1,0,0,0,0,6,0,0,0,82.071,3,,43.5195,0
output/tunnel211.0orz201d.map_2merge.out,null,-1,-1,-1,2,1,1,identity,tunnel,asccost,1,1,merge,1,159,1,939,86269,6,8,5,1254,0.18813,445, 0.188130 0.000000 0.003731 0.066884 0.188130 0.188130 0.188130 0.188130,43.5195,164
output/tunnel210.3orz201d.map_2random.out,null,-1,-1,-1,2,1,0.3,identity,tunnel,random,1,1,random,1,0,0,0,0,6,0,0,0,2.2284,2,,43.5195,0
output/tunnel210.3lak202d.map_4random.out,null,-1,-1,-1,2,1,0.3,identity,tunnel,random,1,1,random,1,0,0,0,0,6,0,0,0,1.90769,13,,205.634,0
output/tunnel212.0lak202d.map_5cls.out,null,-1,-1,-1,2,1,2,identity,tunnel,random,1,1,clustering,1,0,0,0,0,6,0,0,0,1.62032,10,,243.494,0
output/tunnel210.3lak510d.map_3cls.out,null,-1,-1,-1,2,1,0.3,identity,tunnel,random,1,1,clustering,1,0,0,0,0,6,0,0,0,0.0822272,328,,169.435,0
output/tunnel215.0orz000d.map_2cls.out,null,-1,-1,-1,2,1,5,identity,tunnel,random,1,1,clustering,1,0,0,0,0,6,0,0,0,4.66847,4,,91.7946,0
output/tunnel210.1orz201d.map_3random.out,null,-1,-1,-1,2,1,0.1,identity,tunnel,random,1,1,random,1,0,0,0,0,6,0,0,0,0.484588,4,,52.2948,0
output/tunnel211.0orz000d.map_3merge.out,null,-1,-1,-1,2,1,1,identity,tunnel,asccost,1,1,merge,1,552,17,1750,1606405,6,8,5,6133,0.0923675,10943, 0.046496 0.000000 0.020068 0.030184 0.046496 0.092367 0.092367 0.092367,118.373,816
output/tunnel215.0lak202d.map_5random.out,null,-1,-1,-1,2,1,5,identity,tunnel,random,1,1,random,1,0,0,0,0,6,0,0,0,22.9638,13,,243.494,0
output/tunnel211.0den101d.map_2merge.out,null,-1,-1,-1,2,1,1,identity,tunnel,asccost,1,1,merge,1,918,27,1500,1418164,6,8,5,2946,0.3137,8982, 0.285544 0.024306 0.072917 0.090278 0.285544 0.313700 0.313700 0.313700,73.4035,1220
output/tunnel210.5orz000d.map_4cls.out,null,-1,-1,-1,2,1,0.5,identity,tunnel,random,1,1,clustering,1,0,0,0,0,6,0,0,0,0.136596,144,,82.8784,0
output/tunnel211.0orz000d.map_2merge.out,null,-1,-1,-1,2,1,1,identity,tunnel,asccost,1,1,merge,1,283,10,999,653877,6,8,6,11625,0.239263,3965, 0.236788 0.000000 0.009901 0.070377 0.236788 0.239263 0.239263 0.239263,91.7946,352
output/tunnel210.5orz201d.map_4cls.out,null,-1,-1,-1,2,1,0.5,identity,tunnel,random,1,1,clustering,1,0,0,0,0,6,0,0,0,0.23501,3,,63.0983,0
output/tunnel211.0lak202d.map_2merge.out,null,-1,-1,-1,2,1,1,identity,tunnel,asccost,1,1,merge,1,825,5,3214,11693129,6,8,6,25753,1.06287,101356, 0.337875 0.003205 0.003205 0.029748 0.337875 0.687875 1.062875 1.062875,321.063,2174
output/tunnel212.0den101d.map_5cls.out,null,-1,-1,-1,2,1,2,identity,tunnel,random,1,1,clustering,1,0,0,0,0,6,0,0,0,1.72218,3,,64.1856,0
output/tunnel2110.0orz000d.map_3random.out,null,-1,-1,-1,2,1,10,identity,tunnel,random,1,1,random,1,0,0,0,0,6,0,0,0,46.8955,8,,118.373,0
output/tunnel215.0den101d.map_2random.out,null,-1,-1,-1,2,1,5,identity,tunnel,random,1,1,random,1,0,0,0,0,6,0,0,0,31.6471,4,,73.4035,0
output/tunnel2110.0orz201d.map_1cls.out,null,-1,-1,-1,2,1,10,identity,tunnel,random,1,1,clustering,1,0,0,0,0,6,0,0,0,9.70543,2,,47.9408,0
output/tunnel211.0lak510d.map_3cls.out,null,-1,-1,-1,2,1,1,identity,tunnel,random,1,1,clustering,1,0,0,0,0,6,0,0,0,0.699649,8,,169.435,0
output/tunnel211.0orz000d.map_2random.out,null,-1,-1,-1,2,1,1,identity,tunnel,random,1,1,random,1,0,0,0,0,6,0,0,0,7.60594,4,,91.7946,0
output/tunnel212.0den201d.map_3cls.out,null,-1,-1,-1,2,1,2,identity,tunnel,random,1,1,clustering,1,0,0,0,0,6,0,0,0,1.84755,1,,41.8321,0
output/tunnel212.0den201d.map_1cls.out,null,-1,-1,-1,2,1,2,identity,tunnel,random,1,1,clustering,1,0,0,0,0,6,0,0,0,1.71197,1,,43.3694,0
output/tunnel211.0den101d.map_5random.out,null,-1,-1,-1,2,1,1,identity,tunnel,random,1,1,random,1,0,0,0,0,6,0,0,0,4.77769,6,,64.1856,0
output/tunnel210.5den201d.map_2cls.out,null,-1,-1,-1,2,1,0.5,identity,tunnel,random,1,1,clustering,1,0,0,0,0,6,0,0,0,0.113445,11,,31.0373,0
output/tunnel210.5den101d.map_4random.out,null,-1,-1,-1,2,1,0.5,identity,tunnel,random,1,1,random,1,0,0,0,0,6,0,0,0,2.86294,3,,65.1605,0
output/tunnel212.0den101d.map_3cls.out,null,-1,-1,-1,2,1,2,identity,tunnel,random,1,1,clustering,1,0,0,0,0,6,0,0,0,1.83337,5,,93.7364,0
output/tunnel210.3den201d.map_2cls.out,null,-1,-1,-1,2,1,0.3,identity,tunnel,random,1,1,clustering,1,0,0,0,0,6,0,0,0,0.0178571,29,,31.0373,0
output/tunnel211.0lak510d.map_5merge.out,null,-1,-1,-1,2,1,1,identity,tunnel,asccost,1,1,merge,1,516,14,855,4583129,6,8,6,18652,0.336712,39056, 0.306224 0.033607 0.050274 0.146568 0.306224 0.336712 0.336712 0.336712,125.683,598
output/tunnel212.0den101d.map_1cls.out,null,-1,-1,-1,2,1,2,identity,tunnel,random,1,1,clustering,1,0,0,0,0,6,0,0,0,1.60242,4,,102.627,0
output/tunnel210.1lak202d.map_4cls.out,null,-1,-1,-1,2,1,0.1,identity,tunnel,random,1,1,clustering,1,0,0,0,0,6,0,0,0,0,215,,205.634,0
output/tunnel210.1den201d.map_1random.out,null,-1,-1,-1,2,1,0.1,identity,tunnel,random,1,1,random,1,0,0,0,0,6,0,0,0,0.265514,2,,43.3694,0
output/tunnel210.3lak510d.map_5random.out,null,-1,-1,-1,2,1,0.3,identity,tunnel,random,1,1,random,1,0,0,0,0,6,0,0,0,1.37006,7,,125.683,0
output/tunnel210.1den101d.map_1cls.out,null,-1,-1,-1,2,1,0.1,identity,tunnel,random,1,1,clustering,1,0,0,0,0,6,0,0,0,0,49,,102.627,0
output/tunnel211.0den101d.map_1cls.out,null,-1,-1,-1,2,1,1,identity,tunnel,random,1,1,clustering,1,0,0,0,0,6,0,0,0,0.616708,3,,102.627,0
output/tunnel211.0orz201d.map_1random.out,null,-1,-1,-1,2,1,1,identity,tunnel,random,1,1,random,1,0,0,0,0,6,0,0,0,5.0558,3,,47.9408,0
output/tunnel215.0lak510d.map_1cls.out,null,-1,-1,-1,2,1,5,identity,tunnel,random,1,1,clustering,1,0,0,0,0,6,0,0,0,4.64115,8,,164.859,0
output/tunnel210.1lak202d.map_1cls.out,null,-1,-1,-1,2,1,0.1,identity,tunnel,random,1,1,clustering,1,0,0,0,0,6,0,0,0,0.00925926,25,,265.94,0
output/tunnel2110.0den101d.map_2random.out,null,-1,-1,-1,2,1,10,identity,tunnel,random,1,1,random,1,0,0,0,0,6,0,0,0,63.3193,4,,73.4035,0
output/tunnel210.1lak510d.map_2random.out,null,-1,-1,-1,2,1,0.1,identity,tunnel,random,1,1,random,1,0,0,0,0,6,0,0,0,0.381955,9,,157.074,0
output/tunnel210.5lak202d.map_4cls.out,null,-1,-1,-1,2,1,0.5,identity,tunnel,random,1,1,clustering,1,0,0,0,0,6,0,0,0,0.218398,58,,205.634,0
output/tunnel211.0lak510d.map_5cls.out,null,-1,-1,-1,2,1,1,identity,tunnel,random,1,1,clustering,1,0,0,0,0,6,0,0,0,0.763279,7,,125.683,0
output/tunnel215.0den101d.map_5cls.out,null,-1,-1,-1,2,1,5,identity,tunnel,random,1,1,clustering,1,0,0,0,0,6,0,0,0,4.7232,3,,64.1856,0
output/tunnel210.1den201d.map_4random.out,null,-1,-1,-1,2,1,0.1,identity,tunnel,random,1,1,random,1,0,0,0,0,6,0,0,0,0.228946,1,,34.9552,0
output/tunnel210.3orz000d.map_2cls.out,null,-1,-1,-1,2,1,0.3,identity,tunnel,random,1,1,clustering,1,0,0,0,0,6,0,0,0,0.0656535,115,,91.7946,0
output/tunnel210.3den201d.map_1cls.out,null,-1,-1,-1,2,1,0.3,identity,tunnel,random,1,1,clustering,1,0,0,0,0,6,0,0,0,0.109036,13,,43.3694,0
output/tunnel210.5lak510d.map_5random.out,null,-1,-1,-1,2,1,0.5,identity,tunnel,random,1,1,random,1,0,0,0,0,6,0,0,0,2.32667,7,,125.683,0
output/tunnel210.1den201d.map_5random.out,null,-1,-1,-1,2,1,0.1,identity,tunnel,random,1,1,random,1,0,0,0,0,6,0,0,0,0.384874,3,,45.5075,0
output/tunnel210.5den201d.map_3random.out,null,-1,-1,-1,2,1,0.5,identity,tunnel,random,1,1,random,1,0,0,0,0,6,0,0,0,1.62857,2,,41.8321,0
output/tunnel210.1den101d.map_3cls.out,null,-1,-1,-1,2,1,0.1,identity,tunnel,random,1,1,clustering,1,0,0,0,0,6,0,0,0,0.0130597,57,,93.7364,0
output/tunnel210.3lak202d.map_3cls.out,null,-1,-1,-1,2,1,0.3,identity,tunnel,random,1,1,clustering,1,0,0,0,0,6,0,0,0,0.0328337,31,,181.404,0
output/tunnel210.3orz000d.map_1cls.out,null,-1,-1,-1,2,1,0.3,identity,tunnel,random,1,1,clustering,1,0,0,0,0,6,0,0,0,0.0785864,180,,116.842,0
output/tunnel215.0lak202d.map_2random.out,null,-1,-1,-1,2,1,5,identity,tunnel,random,1,1,random,1,0,0,0,0,6,0,0,0,134.439,15,,321.063,0
output/tunnel211.0den101d.map_4merge.out,null,-1,-1,-1,2,1,1,identity,tunnel,asccost,1,1,merge,1,511,7,1069,688371,6,8,5,2878,0.401735,3606, 0.357291 0.020270 0.074324 0.163769 0.357291 0.401735 0.401735 0.401735,65.1605,596
output/tunnel213.0orz000d.map_1random.out,null,-1,-1,-1,2,1,3,identity,tunnel,random,1,1,random,1,0,0,0,0,6,0,0,0,14.6589,9,,116.842,0
output/tunnel212.0lak510d.map_1random.out,null,-1,-1,-1,2,1,2,identity,tunnel,random,1,1,random,1,0,0,0,0,6,0,0,0,8.78098,10,,164.859,0
output/tunnel2110.0den201d.map_2cls.out,null,-1,-1,-1,2,1,10,identity,tunnel,random,1,1,clustering,1,0,0,0,0,6,0,0,0,9.64652,1,,31.0373,0
output/tunnel210.3den101d.map_4random.out,null,-1,-1,-1,2,1,0.3,identity,tunnel,random,1,1,random,1,0,0,0,0,6,0,0,0,1.67321,3,,65.1605,0
output/tunnel210.1den101d.map_2cls.out,null,-1,-1,-1,2,1,0.1,identity,tunnel,random,1,1,clustering,1,0,0,0,0,6,0,0,0,0.0213415,45,,73.4035,0
output/tunnel211.0orz000d.map_5random.out,null,-1,-1,-1,2,1,1,identity,tunnel,random,1,1,random,1,0,0,0,0,6,0,0,0,5.17404,6,,97.0365,0
output/tunnel213.0den201d.map_1random.out,null,-1,-1,-1,2,1,3,identity,tunnel,random,1,1,random,1,0,0,0,0,6,0,0,0,12.5394,2,,43.3694,0
output/tunnel210.1lak202d.map_2random.out,null,-1,-1,-1,2,1,0.1,identity,tunnel,random,1,1,random,1,0,0,0,0,6,0,0,0,2.51617,15,,321.063,0
output/tunnel211.0orz201d.map_1merge.out,null,-1,-1,-1,2,1,1,identity,tunnel,asccost,1,1,merge,1,266,9,809,116363,6,8,6,2363,0.118351,622, 0.118351 0.000000 0.032292 0.054748 0.118351 0.118351 0.118351 0.118351,47.9408,324
output/tunnel210.1lak510d.map_3cls.out,null,-1,-1,-1,2,1,0.1,identity,tunnel,random,1,1,clustering,1,0,0,0,0,6,0,0,0,0.0244016,315,,169.435,0
output/tunnel211.0orz000d.map_3cls.out,null,-1,-1,-1,2,1,1,identity,tunnel,random,1,1,clustering,1,0,0,0,0,6,0,0,0,0.637946,7,,118.373,0
output/tunnel212.0den201d.map_4random.out,null,-1,-1,-1,2,1,2,identity,tunnel,random,1,1,random,1,0,0,0,0,6,0,0,0,10.0622,1,,34.9552,0
output/tunnel210.5orz201d.map_5cls.out,null,-1,-1,-1,2,1,0.5,identity,tunnel,random,1,1,clustering,1,0,0,0,0,6,0,0,0,0.0363095,21,,52.1857,0
output/tunnel210.1lak510d.map_5cls.out,null,-1,-1,-1,2,1,0.1,identity,tunnel,random,1,1,clustering,1,0,0,0,0,6,0,0,0,0.00954198,247,,125.683,0
output/tunnel210.3orz201d.map_5random.out,null,-1,-1,-1,2,1,0.3,identity,tunnel,random,1,1,random,1,0,0,0,0,6,0,0,0,1.29009,3,,52.1857,0
output/tunnel210.1den201d.map_3random.out,null,-1,-1,-1,2,1,0.1,identity,tunnel,random,1,1,random,1,0,0,0,0,6,0,0,0,0.185084,2,,41.8321,0
output/tunnel213.0lak202d.map_2random.out,null,-1,-1,-1,2,1,3,identity,tunnel,random,1,1,random,1,0,0,0,0,6,0,0,0,80.5874,16,,321.063,0
output/tunnel210.5den201d.map_2random.out,null,-1,-1,-1,2,1,0.5,identity,tunnel,random,1,1,random,1,0,0,0,0,6,0,0,0,1.87349,3,,31.0373,0
output/tunnel211.0orz201d.map_2random.out,null,-1,-1,-1,2,1,1,identity,tunnel,random,1,1,random,1,0,0,0,0,6,0,0,0,7.97856,2,,43.5195,0
output/tunnel211.0den201d.map_5random.out,null,-1,-1,-1,2,1,1,identity,tunnel,random,1,1,random,1,0,0,0,0,6,0,0,0,5.20827,2,,45.5075,0
output/tunnel215.0den201d.map_1random.out,null,-1,-1,-1,2,1,5,identity,tunnel,random,1,1,random,1,0,0,0,0,6,0,0,0,20.9775,2,,43.3694,0
output/tunnel2110.0lak510d.map_1random.out,null,-1,-1,-1,2,1,10,identity,tunnel,random,1,1,random,1,0,0,0,0,6,0,0,0,44.2391,7,,164.859,0
output/tunnel215.0den101d.map_1cls.out,null,-1,-1,-1,2,1,5,identity,tunnel,random,1,1,clustering,1,0,0,0,0,6,0,0,0,4.61671,3,,102.627,0
output/tunnel210.1lak202d.map_5cls.out,null,-1,-1,-1,2,1,0.1,identity,tunnel,random,1,1,clustering,1,0,0,0,0,6,0,0,0,0.0103448,149,,243.494,0
output/tunnel211.0lak510d.map_4random.out,null,-1,-1,-1,2,1,1,identity,tunnel,random,1,1,random,1,0,0,0,0,6,0,0,0,3.90375,9,,165.467,0
output/tunnel212.0den101d.map_5random.out,null,-1,-1,-1,2,1,2,identity,tunnel,random,1,1,random,1,0,0,0,0,6,0,0,0,9.48408,5,,64.1856,0
output/tunnel211.0orz201d.map_3random.out,null,-1,-1,-1,2,1,1,identity,tunnel,random,1,1,random,1,0,0,0,0,6,0,0,0,6.28572,3,,52.2948,0
output/tunnel212.0orz201d.map_2cls.out,null,-1,-1,-1,2,1,2,identity,tunnel,random,1,1,clustering,1,0,0,0,0,6,0,0,0,1.72581,2,,43.5195,0
output/tunnel213.0den101d.map_2cls.out,null,-1,-1,-1,2,1,3,identity,tunnel,random,1,1,clustering,1,0,0,0,0,6,0,0,0,2.74995,3,,73.4035,0
output/tunnel2110.0lak202d.map_5cls.out,null,-1,-1,-1,2,1,10,identity,tunnel,random,1,1,clustering,1,0,0,0,0,6,0,0,0,9.62032,11,,243.494,0
output/tunnel213.0lak202d.map_5cls.out,null,-1,-1,-1,2,1,3,identity,tunnel,random,1,1,clustering,1,0,0,0,0,6,0,0,0,2.6184,11,,243.494,0
output/tunnel210.1lak510d.map_1random.out,null,-1,-1,-1,2,1,0.1,identity,tunnel,random,1,1,random,1,0,0,0,0,6,0,0,0,0.387571,11,,164.859,0
output/tunnel211.0den201d.map_5cls.out,null,-1,-1,-1,2,1,1,identity,tunnel,random,1,1,clustering,1,0,0,0,0,6,0,0,0,0.756637,2,,45.5075,0
output/tunnel210.5orz201d.map_2random.out,null,-1,-1,-1,2,1,0.5,identity,tunnel,random,1,1,random,1,0,0,0,0,6,0,0,0,3.85515,2,,43.5195,0
output/tunnel2110.0lak510d.map_3random.out,null,-1,-1,-1,2,1,10,identity,tunnel,random,1,1,random,1,0,0,0,0,6,0,0,0,41.9046,10,,169.435,0
output/tunnel213.0lak510d.map_4cls.out,null,-1,-1,-1,2,1,3,identity,tunnel,random,1,1,clustering,1,0,0,0,0,6,0,0,0,2.74124,8,,165.467,0
output/tunnel211.0orz000d.map_4random.out,null,-1,-1,-1,2,1,1,identity,tunnel,random,1,1,random,1,0,0,0,0,6,0,0,0,4.1973,7,,82.8784,0
output/tunnel210.1den101d.map_5random.out,null,-1,-1,-1,2,1,0.1,identity,tunnel,random,1,1,random,1,0,0,0,0,6,0,0,0,0.377524,5,,64.1856,0
output/tunnel212.0den201d.map_3random.out,null,-1,-1,-1,2,1,2,identity,tunnel,random,1,1,random,1,0,0,0,0,6,0,0,0,7.125,2,,41.8321,0
output/tunnel2110.0den101d.map_3cls.out,null,-1,-1,-1,2,1,10,identity,tunnel,random,1,1,clustering,1,0,0,0,0,6,0,0,0,9.83337,5,,93.7364,0
output/tunnel210.5den101d.map_2random.out,null,-1,-1,-1,2,1,0.5,identity,tunnel,random,1,1,random,1,0,0,0,0,6,0,0,0,3.08732,4,,73.4035,0
output/tunnel215.0lak510d.map_4random.out,null,-1,-1,-1,2,1,5,identity,tunnel,random,1,1,random,1,0,0,0,0,6,0,0,0,19.8312,11,,165.467,0
output/tunnel215.0lak202d.map_3cls.out,null,-1,-1,-1,2,1,5,identity,tunnel,random,1,1,clustering,1,0,0,0,0,6,0,0,0,4.63333,6,,181.404,0
output/tunnel211.0den101d.map_2cls.out,null,-1,-1,-1,2,1,1,identity,tunnel,random,1,1,clustering,1,0,0,0,0,6,0,0,0,0.749955,3,,73.4035,0
output/tunnel2110.0orz000d.map_2cls.out,null,-1,-1,-1,2,1,10,identity,tunnel,random,1,1,clustering,1,0,0,0,0,6,0,0,0,9.67537,4,,91.7946,0
output/tunnel212.0lak510d.map_2cls.out,null,-1,-1,-1,2,1,2,identity,tunnel,random,1,1,clustering,1,0,0,0,0,6,0,0,0,1.63793,7,,157.074,0
output/tunnel2110.0orz000d.map_1cls.out,null,-1,-1,-1,2,1,10,identity,tunnel,random,1,1,clustering,1,0,0,0,0,6,0,0,0,9.53055,5,,116.842,0
output/tunnel212.0orz000d.map_3random.out,null,-1,-1,-1,2,1,2,identity,tunnel,random,1,1,random,1,0,0,0,0,6,0,0,0,9.37002,9,,118.373,0
output/tunnel212.0lak510d.map_3cls.out,null,-1,-1,-1,2,1,2,identity,tunnel,random,1,1,clustering,1,0,0,0,0,6,0,0,0,1.69965,9,,169.435,0
output/tunnel211.0lak510d.map_3random.out,null,-1,-1,-1,2,1,1,identity,tunnel,random,1,1,random,1,0,0,0,0,6,0,0,0,4.15764,11,,169.435,0
output/tunnel211.0den101d.map_1random.out,null,-1,-1,-1,2,1,1,identity,tunnel,random,1,1,random,1,0,0,0,0,6,0,0,0,4.99269,7,,102.627,0
output/tunnel210.3orz000d.map_4random.out,null,-1,-1,-1,2,1,0.3,identity,tunnel,random,1,1,random,1,0,0,0,0,6,0,0,0,1.20306,6,,82.8784,0
output/tunnel210.5lak510d.map_4cls.out,null,-1,-1,-1,2,1,0.5,identity,tunnel,random,1,1,clustering,1,0,0,0,0,6,0,0,0,0.23023,113,,165.467,0
output/tunnel210.1den201d.map_2cls.out,null,-1,-1,-1,2,1,0.1,identity,tunnel,random,1,1,clustering,1,0,0,0,0,6,0,0,0,0,28,,31.0373,0
output/tunnel213.0orz201d.map_1cls.out,null,-1,-1,-1,2,1,3,identity,tunnel,random,1,1,clustering,1,0,0,0,0,6,0,0,0,2.70543,2,,47.9408,0
output/tunnel2110.0den101d.map_2cls.out,null,-1,-1,-1,2,1,10,identity,tunnel,random,1,1,clustering,1,0,0,0,0,6,0,0,0,9.74996,3,,73.4035,0
output/tunnel215.0den201d.map_4random.out,null,-1,-1,-1,2,1,5,identity,tunnel,random,1,1,random,1,0,0,0,0,6,0,0,0,25.6224,1,,34.9552,0
output/tunnel210.3den201d.map_5cls.out,null,-1,-1,-1,2,1,0.3,identity,tunnel,random,1,1,clustering,1,0,0,0,0,6,0,0,0,0.0950613,14,,45.5075,0
output/tunnel210.3lak202d.map_2random.out,null,-1,-1,-1,2,1,0.3,identity,tunnel,random,1,1,random,1,0,0,0,0,6,0,0,0,7.88695,15,,321.063,0
output/tunnel210.1den201d.map_5cls.out,null,-1,-1,-1,2,1,0.1,identity,tunnel,random,1,1,clustering,1,0,0,0,0,6,0,0,0,0,21,,45.5075,0
output/tunnel210.5lak202d.map_1random.out,null,-1,-1,-1,2,1,0.5,identity,tunnel,random,1,1,random,1,0,0,0,0,6,0,0,0,1.99212,14,,265.94,0
output/tunnel213.0orz201d.map_4cls.out,null,-1,-1,-1,2,1,3,identity,tunnel,random,1,1,clustering,1,0,0,0,0,6,0,0,0,2.69252,3,,63.0983,0
output/tunnel210.3orz000d.map_3cls.out,null,-1,-1,-1,2,1,0.3,identity,tunnel,random,1,1,clustering,1,0,0,0,0,6,0,0,0,0.0868048,15,,118.373,0
output/tunnel212.0orz201d.map_5random.out,null,-1,-1,-1,2,1,2,identity,tunnel,random,1,1,random,1,0,0,0,0,6,0,0,0,9.24136,2,,52.1857,0
output/tunnel210.3orz201d.map_4cls.out,null,-1,-1,-1,2,1,0.3,identity,tunnel,random,1,1,clustering,1,0,0,0,0,6,0,0,0,0.0680216,21,,63.0983,0
output/tunnel212.0den201d.map_4cls.out,null,-1,-1,-1,2,1,2,identity,tunnel,random,1,1,clustering,1,0,0,0,0,6,0,0,0,1.81898,1,,34.9552,0
output/tunnel210.3orz201d.map_1random.out,null,-1,-1,-1,2,1,0.3,identity,tunnel,random,1,1,random,1,0,0,0,0,6,0,0,0,1.38624,3,,47.9408,0
output/tunnel210.3orz201d.map_5cls.out,null,-1,-1,-1,2,1,0.3,identity,tunnel,random,1,1,clustering,1,0,0,0,0,6,0,0,0,0.0119048,23,,52.1857,0
output/tunnel215.0den201d.map_5random.out,null,-1,-1,-1,2,1,5,identity,tunnel,random,1,1,random,1,0,0,0,0,6,0,0,0,26.7315,3,,45.5075,0
output/tunnel212.0lak510d.map_5random.out,null,-1,-1,-1,2,1,2,identity,tunnel,random,1,1,random,1,0,0,0,0,6,0,0,0,9.57298,7,,125.683,0
output/tunnel215.0lak202d.map_1random.out,null,-1,-1,-1,2,1,5,identity,tunnel,random,1,1,random,1,0,0,0,0,6,0,0,0,20.6083,14,,265.94,0
output/tunnel210.3lak510d.map_1random.out,null,-1,-1,-1,2,1,0.3,identity,tunnel,random,1,1,random,1,0,0,0,0,6,0,0,0,1.27155,11,,164.859,0
output/tunnel210.3den101d.map_3cls.out,null,-1,-1,-1,2,1,0.3,identity,tunnel,random,1,1,clustering,1,0,0,0,0,6,0,0,0,0.0932798,26,,93.7364,0
output/tunnel210.1lak202d.map_3cls.out,null,-1,-1,-1,2,1,0.1,identity,tunnel,random,1,1,clustering,1,0,0,0,0,6,0,0,0,0.00265957,48,,181.404,0
output/tunnel211.0lak202d.map_5merge.out,null,-1,-1,-1,2,1,1,identity,tunnel,asccost,1,1,merge,1,357,8,1245,1644699,6,8,5,8559,0.214787,10823, 0.161339 0.000000 0.045822 0.109864 0.161339 0.214787 0.214787 0.214787,243.494,496
output/tunnel215.0den201d.map_2random.out,null,-1,-1,-1,2,1,5,identity,tunnel,random,1,1,random,1,0,0,0,0,6,0,0,0,19.6136,2,,31.0373,0
output/tunnel215.0lak202d.map_1cls.out,null,-1,-1,-1,2,1,5,identity,tunnel,random,1,1,clustering,1,0,0,0,0,6,0,0,0,4.55007,38,,265.94,0
output/tunnel2110.0lak510d.map_5cls.out,null,-1,-1,-1,2,1,10,identity,tunnel,random,1,1,clustering,1,0,0,0,0,6,0,0,0,9.76915,7,,125.683,0
output/tunnel210.3lak510d.map_4cls.out,null,-1,-1,-1,2,1,0.3,identity,tunnel,random,1,1,clustering,1,0,0,0,0,6,0,0,0,0.0821759,215,,165.467,0
output/tunnel213.0den201d.map_4cls.out,null,-1,-1,-1,2,1,3,identity,tunnel,random,1,1,clustering,1,0,0,0,0,6,0,0,0,2.82385,1,,34.9552,0
output/tunnel2110.0orz201d.map_4random.out,null,-1,-1,-1,2,1,10,identity,tunnel,random,1,1,random,1,0,0,0,0,6,0,0,0,44.5329,3,,63.0983,0
output/tunnel210.5lak202d.map_2cls.out,null,-1,-1,-1,2,1,0.5,identity,tunnel,random,1,1,clustering,1,0,0,0,0,6,0,0,0,0.129081,163,,321.063,0
output/tunnel212.0orz201d.map_3random.out,null,-1,-1,-1,2,1,2,identity,tunnel,random,1,1,random,1,0,0,0,0,6,0,0,0,12.8292,3,,52.2948,0
output/tunnel210.5orz201d.map_1random.out,null,-1,-1,-1,2,1,0.5,identity,tunnel,random,1,1,random,1,0,0,0,0,6,0,0,0,2.44595,3,,47.9408,0
output/tunnel211.0orz000d.map_1cls.out,null,-1,-1,-1,2,1,1,identity,tunnel,random,1,1,clustering,1,0,0,0,0,6,0,0,0,0.530546,4,,116.842,0
output/tunnel210.3lak510d.map_2random.out,null,-1,-1,-1,2,1,0.3,identity,tunnel,random,1,1,random,1,0,0,0,0,6,0,0,0,1.27136,8,,157.074,0
output/tunnel215.0orz201d.map_4cls.out,null,-1,-1,-1,2,1,5,identity,tunnel,random,1,1,clustering,1,0,0,0,0,6,0,0,0,4.69252,3,,63.0983,0
output/tunnel215.0orz000d.map_2random.out,null,-1,-1,-1,2,1,5,identity,tunnel,random,1,1,random,1,0,0,0,0,6,0,0,0,38.3484,4,,91.7946,0
output/tunnel210.3den201d.map_5random.out,null,-1,-1,-1,2,1,0.3,identity,tunnel,random,1,1,random,1,0,0,0,0,6,0,0,0,1.44609,2,,45.5075,0
output/tunnel210.3lak510d.map_4random.out,null,-1,-1,-1,2,1,0.3,identity,tunnel,random,1,1,random,1,0,0,0,0,6,0,0,0,1.12785,10,,165.467,0
output/tunnel211.0orz201d.map_1cls.out,null,-1,-1,-1,2,1,1,identity,tunnel,random,1,1,clustering,1,0,0,0,0,6,0,0,0,0.705431,2,,47.9408,0
output/tunnel210.1lak202d.map_2cls.out,null,-1,-1,-1,2,1,0.1,identity,tunnel,random,1,1,clustering,1,0,0,0,0,6,0,0,0,0,198,,321.063,0
output/tunnel211.0lak202d.map_4cls.out,null,-1,-1,-1,2,1,1,identity,tunnel,random,1,1,clustering,1,0,0,0,0,6,0,0,0,0.739228,9,,205.634,0
output/tunnel215.0den201d.map_4cls.out,null,-1,-1,-1,2,1,5,identity,tunnel,random,1,1,clustering,1,0,0,0,0,6,0,0,0,4.82385,1,,34.9552,0
output/tunnel213.0orz000d.map_2cls.out,null,-1,-1,-1,2,1,3,identity,tunnel,random,1,1,clustering,1,0,0,0,0,6,0,0,0,2.66847,4,,91.7946,0
output/tunnel210.5lak202d.map_2random.out,null,-1,-1,-1,2,1,0.5,identity,tunnel,random,1,1,random,1,0,0,0,0,6,0,0,0,13.2822,14,,321.063,0
output/tunnel212.0lak202d.map_5random.out,null,-1,-1,-1,2,1,2,identity,tunnel,random,1,1,random,1,0,0,0,0,6,0,0,0,9.14522,11,,243.494,0
output/tunnel210.3den201d.map_4random.out,null,-1,-1,-1,2,1,0.3,identity,tunnel,random,1,1,random,1,0,0,0,0,6,0,0,0,1.32108,1,,34.9552,0
output/tunnel211.0orz000d.map_5merge.out,null,-1,-1,-1,2,1,1,identity,tunnel,asccost,1,1,merge,1,520,12,1171,1849034,6,8,6,8573,0.298397,13787, 0.260519 0.000000 0.032206 0.128617 0.260519 0.298397 0.298397 0.298397,97.0365,610
output/tunnel213.0orz201d.map_1random.out,null,-1,-1,-1,2,1,3,identity,tunnel,random,1,1,random,1,0,0,0,0,6,0,0,0,15.2645,3,,47.9408,0
output/tunnel215.0lak510d.map_1random.out,null,-1,-1,-1,2,1,5,identity,tunnel,random,1,1,random,1,0,0,0,0,6,0,0,0,22.0666,8,,164.859,0
output/tunnel2110.0orz000d.map_5cls.out,null,-1,-1,-1,2,1,10,identity,tunnel,random,1,1,clustering,1,0,0,0,0,6,0,0,0,9.62895,5,,97.0365,0
output/tunnel215.0orz000d.map_5cls.out,null,-1,-1,-1,2,1,5,identity,tunnel,random,1,1,clustering,1,0,0,0,0,6,0,0,0,4.62033,5,,97.0365,0
output/tunnel212.0den101d.map_2random.out,null,-1,-1,-1,2,1,2,identity,tunnel,random,1,1,random,1,0,0,0,0,6,0,0,0,12.5783,4,,73.4035,0
output/tunnel210.5orz000d.map_3cls.out,null,-1,-1,-1,2,1,0.5,identity,tunnel,random,1,1,clustering,1,0,0,0,0,6,0,0,0,0.155585,13,,118.373,0
output/tunnel211.0orz201d.map_3cls.out,null,-1,-1,-1,2,1,1,identity,tunnel,random,1,1,clustering,1,0,0,0,0,6,0,0,0,0.753878,2,,52.2948,0
output/tunnel215.0orz000d.map_4random.out,null,-1,-1,-1,2,1,5,identity,tunnel,random,1,1,random,1,0,0,0,0,6,0,0,0,20.7925,6,,82.8784,0
output/tunnel212.0orz000d.map_4random.out,null,-1,-1,-1,2,1,2,identity,tunnel,random,1,1,random,1,0,0,0,0,6,0,0,0,8.33178,6,,82.8784,0
output/tunnel211.0orz000d.map_4cls.out,null,-1,-1,-1,2,1,1,identity,tunnel,random,1,1,clustering,1,0,0,0,0,6,0,0,0,0.656081,4,,82.8784,0
output/tunnel2110.0lak510d.map_2random.out,null,-1,-1,-1,2,1,10,identity,tunnel,random,1,1,random,1,0,0,0,0,6,0,0,0,44.0807,8,,157.074,0
output/tunnel210.1den101d.map_2random.out,null,-1,-1,-1,2,1,0.1,identity,tunnel,random,1,1,random,1,0,0,0,0,6,0,0,0,0.53184,4,,73.4035,0
output/tunnel215.0lak202d.map_4random.out,null,-1,-1,-1,2,1,5,identity,tunnel,random,1,1,random,1,0,0,0,0,6,0,0,0,33.0807,13,,205.634,0
output/tunnel211.0orz000d.map_1random.out,null,-1,-1,-1,2,1,1,identity,tunnel,random,1,1,random,1,0,0,0,0,6,0,0,0,4.81024,7,,116.842,0
output/tunnel211.0den201d.map_1random.out,null,-1,-1,-1,2,1,1,identity,tunnel,random,1,1,random,1,0,0,0,0,6,0,0,0,4.08528,2,,43.3694,0
output/tunnel213.0orz201d.map_3cls.out,null,-1,-1,-1,2,1,3,identity,tunnel,random,1,1,clustering,1,0,0,0,0,6,0,0,0,2.75388,2,,52.2948,0
output/tunnel212.0lak510d.map_1cls.out,null,-1,-1,-1,2,1,2,identity,tunnel,random,1,1,clustering,1,0,0,0,0,6,0,0,0,1.64472,8,,164.859,0
output/tunnel210.5lak202d.map_3random.out,null,-1,-1,-1,2,1,0.5,identity,tunnel,random,1,1,random,1,0,0,0,0,6,0,0,0,2.98022,6,,181.404,0
output/tunnel215.0den101d.map_2cls.out,null,-1,-1,-1,2,1,5,identity,tunnel,random,1,1,clustering,1,0,0,0,0,6,0,0,0,4.74996,3,,73.4035,0
output/tunnel212.0den101d.map_4cls.out,null,-1,-1,-1,2,1,2,identity,tunnel,random,1,1,clustering,1,0,0,0,0,6,0,0,0,1.92508,2,,65.1605,0
output/tunnel213.0den101d.map_4random.out,null,-1,-1,-1,2,1,3,identity,tunnel,random,1,1,random,1,0,0,0,0,6,0,0,0,17.9468,3,,65.1605,0
output/tunnel213.0orz000d.map_3cls.out,null,-1,-1,-1,2,1,3,identity,tunnel,random,1,1,clustering,1,0,0,0,0,6,0,0,0,2.63795,7,,118.373,0
output/tunnel215.0lak202d.map_5cls.out,null,-1,-1,-1,2,1,5,identity,tunnel,random,1,1,clustering,1,0,0,0,0,6,0,0,0,4.6184,11,,243.494,0
output/tunnel213.0den201d.map_5cls.out,null,-1,-1,-1,2,1,3,identity,tunnel,random,1,1,clustering,1,0,0,0,0,6,0,0,0,2.75664,2,,45.5075,0
output/tunnel2110.0den201d.map_3cls.out,null,-1,-1,-1,2,1,10,identity,tunnel,random,1,1,clustering,1,0,0,0,0,6,0,0,0,9.84755,2,,41.8321,0
output/tunnel210.1orz201d.map_1cls.out,null,-1,-1,-1,2,1,0.1,identity,tunnel,random,1,1,clustering,1,0,0,0,0,6,0,0,0,0,24,,47.9408,0
output/tunnel2110.0den101d.map_1random.out,null,-1,-1,-1,2,1,10,identity,tunnel,random,1,1,random,1,0,0,0,0,6,0,0,0,51.1229,6,,102.627,0
output/tunnel212.0orz201d.map_3cls.out,null,-1,-1,-1,2,1,2,identity,tunnel,random,1,1,clustering,1,0,0,0,0,6,0,0,0,1.73249,2,,52.2948,0
output/tunnel215.0den201d.map_2cls.out,null,-1,-1,-1,2,1,5,identity,tunnel,random,1,1,clustering,1,0,0,0,0,6,0,0,0,4.64652,1,,31.0373,0
output/tunnel213.0lak202d.map_5random.out,null,-1,-1,-1,2,1,3,identity,tunnel,random,1,1,random,1,0,0,0,0,6,0,0,0,13.7409,13,,243.494,0
output/tunnel2110.0lak202d.map_2cls.out,null,-1,-1,-1,2,1,10,identity,tunnel,random,1,1,clustering,1,0,0,0,0,6,0,0,0,10.4605,11,,321.063,0
output/tunnel210.3orz000d.map_5random.out,null,-1,-1,-1,2,1,0.3,identity,tunnel,random,1,1,random,1,0,0,0,0,6,0,0,0,1.46601,5,,97.0365,0
output/tunnel211.0den201d.map_2random.out,null,-1,-1,-1,2,1,1,identity,tunnel,random,1,1,random,1,0,0,0,0,6,0,0,0,3.85912,2,,31.0373,0
output/tunnel211.0lak202d.map_3merge.out,null,-1,-1,-1,2,1,1,identity,tunnel,asccost,1,1,merge,1,590,5,958,2748960,6,8,5,7922,0.302503,19763, 0.302503 0.000000 0.017320 0.052157 0.302503 0.302503 0.302503 0.302503,181.404,525
output/tunnel210.3den201d.map_3random.out,null,-1,-1,-1,2,1,0.3,identity,tunnel,random,1,1,random,1,0,0,0,0,6,0,0,0,0.920107,2,,41.8321,0
output/tunnel210.3orz000d.map_4cls.out,null,-1,-1,-1,2,1,0.3,identity,tunnel,random,1,1,clustering,1,0,0,0,0,6,0,0,0,0.0639603,198,,82.8784,0
output/tunnel210.5den201d.map_1random.out,null,-1,-1,-1,2,1,0.5,identity,tunnel,random,1,1,random,1,0,0,0,0,6,0,0,0,1.97012,2,,43.3694,0
output/tunnel211.0orz201d.map_2cls.out,null,-1,-1,-1,2,1,1,identity,tunnel,random,1,1,clustering,1,0,0,0,0,6,0,0,0,0.756361,2,,43.5195,0
output/tunnel215.0orz201d.map_5random.out,null,-1,-1,-1,2,1,5,identity,tunnel,random,1,1,random,1,0,0,0,0,6,0,0,0,23.5147,3,,52.1857,0
output/tunnel215.0orz000d.map_4cls.out,null,-1,-1,-1,2,1,5,identity,tunnel,random,1,1,clustering,1,0,0,0,0,6,0,0,0,4.65608,4,,82.8784,0
output/tunnel215.0den101d.map_5random.out,null,-1,-1,-1,2,1,5,identity,tunnel,random,1,1,random,1,0,0,0,0,6,0,0,0,23.7151,5,,64.1856,0
output/tunnel2110.0den101d.map_4cls.out,null,-1,-1,-1,2,1,10,identity,tunnel,random,1,1,clustering,1,0,0,0,0,6,0,0,0,9.92508,3,,65.1605,0
output/tunnel213.0lak510d.map_1random.out,null,-1,-1,-1,2,1,3,identity,tunnel,random,1,1,random,1,0,0,0,0,6,0,0,0,13.2272,8,,164.859,0
output/tunnel210.1orz201d.map_4random.out,null,-1,-1,-1,2,1,0.1,identity,tunnel,random,1,1,random,1,0,0,0,0,6,0,0,0,0.329228,3,,63.0983,0
output/tunnel213.0orz000d.map_4cls.out,null,-1,-1,-1,2,1,3,identity,tunnel,random,1,1,clustering,1,0,0,0,0,6,0,0,0,2.65608,4,,82.8784,0
output/tunnel212.0orz201d.map_1random.out,null,-1,-1,-1,2,1,2,identity,tunnel,random,1,1,random,1,0,0,0,0,6,0,0,0,10.1144,3,,47.9408,0
output/tunnel210.5lak202d.map_3cls.out,null,-1,-1,-1,2,1,0.5,identity,tunnel,random,1,1,clustering,1,0,0,0,0,6,0,0,0,0.128472,24,,181.404,0
output/tunnel213.0orz000d.map_2random.out,null,-1,-1,-1,2,1,3,identity,tunnel,random,1,1,random,1,0,0,0,0,6,0,0,0,22.9393,4,,91.7946,0
output/tunnel212.0lak510d.map_4random.out,null,-1,-1,-1,2,1,2,identity,tunnel,random,1,1,random,1,0,0,0,0,6,0,0,0,7.85269,12,,165.467,0
output/tunnel211.0lak202d.map_1merge.out,null,-1,-1,-1,2,1,1,identity,tunnel,asccost,1,1,merge,1,1517,75,3788,6593552,6,8,5,9739,0.130213,43164, 0.078533 0.002315 0.008433 0.026290 0.078533 0.130213 0.130213 0.130213,265.94,3505
output/tunnel211.0lak510d.map_4cls.out,null,-1,-1,-1,2,1,1,identity,tunnel,random,1,1,clustering,1,0,0,0,0,6,0,0,0,0.741235,8,,165.467,0
output/tunnel210.3lak510d.map_5cls.out,null,-1,-1,-1,2,1,0.3,identity,tunnel,random,1,1,clustering,1,0,0,0,0,6,0,0,0,0.0590742,265,,125.683,0
output/tunnel211.0lak202d.map_2cls.out,null,-1,-1,-1,2,1,1,identity,tunnel,random,1,1,clustering,1,0,0,0,0,6,0,0,0,0.735514,15,,321.063,0
output/tunnel210.5orz000d.map_3random.out,null,-1,-1,-1,2,1,0.5,identity,tunnel,random,1,1,random,1,0,0,0,0,6,0,0,0,2.32061,9,,118.373,0
output/tunnel210.5lak202d.map_4random.out,null,-1,-1,-1,2,1,0.5,identity,tunnel,random,1,1,random,1,0,0,0,0,6,0,0,0,3.24571,12,,205.634,0
output/tunnel212.0orz201d.map_4random.out,null,-1,-1,-1,2,1,2,identity,tunnel,random,1,1,random,1,0,0,0,0,6,0,0,0,8.8827,4,,63.0983,0
output/tunnel2110.0orz000d.map_4cls.out,null,-1,-1,-1,2,1,10,identity,tunnel,random,1,1,clustering,1,0,0,0,0,6,0,0,0,9.65608,5,,82.8784,0
output/tunnel2110.0lak202d.map_4random.out,null,-1,-1,-1,2,1,10,identity,tunnel,random,1,1,random,1,0,0,0,0,6,0,0,0,66.2438,13,,205.634,0
output/tunnel2110.0lak510d.map_4random.out,null,-1,-1,-1,2,1,10,identity,tunnel,random,1,1,random,1,0,0,0,0,6,0,0,0,39.6471,11,,165.467,0
output/tunnel213.0den101d.map_4cls.out,null,-1,-1,-1,2,1,3,identity,tunnel,random,1,1,clustering,1,0,0,0,0,6,0,0,0,2.93218,2,,65.1605,0
output/tunnel210.5orz000d.map_2random.out,null,-1,-1,-1,2,1,0.5,identity,tunnel,random,1,1,random,1,0,0,0,0,6,0,0,0,3.70065,4,,91.7946,0
output/tunnel213.0den201d.map_2cls.out,null,-1,-1,-1,2,1,3,identity,tunnel,random,1,1,clustering,1,0,0,0,0,6,0,0,0,2.64652,1,,31.0373,0
output/tunnel211.0orz000d.map_3random.out,null,-1,-1,-1,2,1,1,identity,tunnel,random,1,1,random,1,0,0,0,0,6,0,0,0,4.69629,8,,118.373,0
output/tunnel210.1orz000d.map_1cls.out,null,-1,-1,-1,2,1,0.1,identity,tunnel,random,1,1,clustering,1,0,0,0,0,6,0,0,0,0.0317922,198,,116.842,0
output/tunnel215.0den201d.map_5cls.out,null,-1,-1,-1,2,1,5,identity,tunnel,random,1,1,clustering,1,0,0,0,0,6,0,0,0,4.75664,2,,45.5075,0
output/tunnel215.0orz201d.map_2cls.out,null,-1,-1,-1,2,1,5,identity,tunnel,random,1,1,clustering,1,0,0,0,0,6,0,0,0,4.75636,2,,43.5195,0
output/tunnel213.0den101d.map_5random.out,null,-1,-1,-1,2,1,3,identity,tunnel,random,1,1,random,1,0,0,0,0,6,0,0,0,14.2383,6,,64.1856,0
output/tunnel213.0orz201d.map_2random.out,null,-1,-1,-1,2,1,3,identity,tunnel,random,1,1,random,1,0,0,0,0,6,0,0,0,24.3362,2,,43.5195,0
output/tunnel211.0den101d.map_5cls.out,null,-1,-1,-1,2,1,1,identity,tunnel,random,1,1,clustering,1,0,0,0,0,6,0,0,0,0.723197,3,,64.1856,0
output/tunnel2110.0orz000d.map_4random.out,null,-1,-1,-1,2,1,10,identity,tunnel,random,1,1,random,1,0,0,0,0,6,0,0,0,41.5489,6,,82.8784,0
output/tunnel210.1orz000d.map_2random.out,null,-1,-1,-1,2,1,0.1,identity,tunnel,random,1,1,random,1,0,0,0,0,6,0,0,0,0.622014,4,,91.7946,0
output/tunnel212.0den101d.map_3random.out,null,-1,-1,-1,2,1,2,identity,tunnel,random,1,1,random,1,0,0,0,0,6,0,0,0,8.23003,5,,93.7364,0
output/tunnel213.0orz000d.map_5cls.out,null,-1,-1,-1,2,1,3,identity,tunnel,random,1,1,clustering,1,0,0,0,0,6,0,0,0,2.62033,4,,97.0365,0
output/tunnel210.3lak510d.map_2cls.out,null,-1,-1,-1,2,1,0.3,identity,tunnel,random,1,1,clustering,1,0,0,0,0,6,0,0,0,0.0571371,92,,157.074,0
output/tunnel210.5lak510d.map_2random.out,null,-1,-1,-1,2,1,0.5,identity,tunnel,random,1,1,random,1,0,0,0,0,6,0,0,0,2.15369,8,,157.074,0
output/tunnel211.0orz201d.map_4cls.out,null,-1,-1,-1,2,1,1,identity,tunnel,random,1,1,clustering,1,0,0,0,0,6,0,0,0,0.692519,3,,63.0983,0
output/tunnel212.0lak202d.map_2cls.out,null,-1,-1,-1,2,1,2,identity,tunnel,random,1,1,clustering,1,0,0,0,0,6,0,0,0,1.86051,14,,321.063,0
output/tunnel212.0orz000d.map_5cls.out,null,-1,-1,-1,2,1,2,identity,tunnel,random,1,1,clustering,1,0,0,0,0,6,0,0,0,1.62895,4,,97.0365,0
output/tunnel215.0orz000d.map_5random.out,null,-1,-1,-1,2,1,5,identity,tunnel,random,1,1,random,1,0,0,0,0,6,0,0,0,26.2429,6,,97.0365,0
output/tunnel210.3den101d.map_4cls.out,null,-1,-1,-1,2,1,0.3,identity,tunnel,random,1,1,clustering,1,0,0,0,0,6,0,0,0,0.13544,33,,65.1605,0
output/tunnel2110.0orz201d.map_5random.out,null,-1,-1,-1,2,1,10,identity,tunnel,random,1,1,random,1,0,0,0,0,6,0,0,0,47.3989,3,,52.1857,0
output/tunnel211.0lak510d.map_1random.out,null,-1,-1,-1,2,1,1,identity,tunnel,random,1,1,random,1,0,0,0,0,6,0,0,0,4.40457,11,,164.859,0
output/tunnel211.0den101d.map_2random.out,null,-1,-1,-1,2,1,1,identity,tunnel,random,1,1,random,1,0,0,0,0,6,0,0,0,6.28268,4,,73.4035,0
output/tunnel215.0lak202d.map_3random.out,null,-1,-1,-1,2,1,5,identity,tunnel,random,1,1,random,1,0,0,0,0,6,0,0,0,30.0862,7,,181.404,0
output/tunnel2110.0lak202d.map_2random.out,null,-1,-1,-1,2,1,10,identity,tunnel,random,1,1,random,1,0,0,0,0,6,0,0,0,268.944,15,,321.063,0
output/tunnel210.5den101d.map_1cls.out,null,-1,-1,-1,2,1,0.5,identity,tunnel,random,1,1,clustering,1,0,0,0,0,6,0,0,0,0.0842842,39,,102.627,0
output/tunnel2110.0den101d.map_5cls.out,null,-1,-1,-1,2,1,10,identity,tunnel,random,1,1,clustering,1,0,0,0,0,6,0,0,0,9.72218,3,,64.1856,0
output/tunnel2110.0den101d.map_1cls.out,null,-1,-1,-1,2,1,10,identity,tunnel,random,1,1,clustering,1,0,0,0,0,6,0,0,0,9.60242,3,,102.627,0
output/tunnel210.5den201d.map_4cls.out,null,-1,-1,-1,2,1,0.5,identity,tunnel,random,1,1,clustering,1,0,0,0,0,6,0,0,0,0.295046,7,,34.9552,0
output/tunnel210.5den201d.map_3cls.out,null,-1,-1,-1,2,1,0.5,identity,tunnel,random,1,1,clustering,1,0,0,0,0,6,0,0,0,0.27564,8,,41.8321,0
output/tunnel210.5orz201d.map_1cls.out,null,-1,-1,-1,2,1,0.5,identity,tunnel,random,1,1,clustering,1,0,0,0,0,6,0,0,0,0.168735,4,,47.9408,0
output/tunnel213.0lak510d.map_5cls.out,null,-1,-1,-1,2,1,3,identity,tunnel,random,1,1,clustering,1,0,0,0,0,6,0,0,0,2.76328,7,,125.683,0
output/tunnel212.0den201d.map_5random.out,null,-1,-1,-1,2,1,2,identity,tunnel,random,1,1,random,1,0,0,0,0,6,0,0,0,10.6194,3,,45.5075,0
output/tunnel210.1den201d.map_1cls.out,null,-1,-1,-1,2,1,0.1,identity,tunnel,random,1,1,clustering,1,0,0,0,0,6,0,0,0,0.0209559,20,,43.3694,0
output/tunnel213.0orz000d.map_4random.out,null,-1,-1,-1,2,1,3,identity,tunnel,random,1,1,random,1,0,0,0,0,6,0,0,0,12.5872,6,,82.8784,0
output/tunnel211.0lak202d.map_4random.out,null,-1,-1,-1,2,1,1,identity,tunnel,random,1,1,random,1,0,0,0,0,6,0,0,0,6.54896,12,,205.634,0
output/tunnel2110.0den201d.map_3random.out,null,-1,-1,-1,2,1,10,identity,tunnel,random,1,1,random,1,0,0,0,0,6,0,0,0,36.4782,2,,41.8321,0
output/tunnel213.0den201d.map_1cls.out,null,-1,-1,-1,2,1,3,identity,tunnel,random,1,1,clustering,1,0,0,0,0,6,0,0,0,2.71197,1,,43.3694,0
output/tunnel212.0lak510d.map_2random.out,null,-1,-1,-1,2,1,2,identity,tunnel,random,1,1,random,1,0,0,0,0,6,0,0,0,8.79316,8,,157.074,0
output/tunnel2110.0lak202d.map_1random.out,null,-1,-1,-1,2,1,10,identity,tunnel,random,1,1,random,1,0,0,0,0,6,0,0,0,41.2703,14,,265.94,0
output/tunnel210.1lak202d.map_1random.out,null,-1,-1,-1,2,1,0.1,identity,tunnel,random,1,1,random,1,0,0,0,0,6,0,0,0,0.385538,14,,265.94,0
output/tunnel211.0orz000d.map_2cls.out,null,-1,-1,-1,2,1,1,identity,tunnel,random,1,1,clustering,1,0,0,0,0,6,0,0,0,0.668472,4,,91.7946,0
output/tunnel210.3den101d.map_2cls.out,null,-1,-1,-1,2,1,0.3,identity,tunnel,random,1,1,clustering,1,0,0,0,0,6,0,0,0,0.126304,38,,73.4035,0
output/tunnel211.0den201d.map_4cls.out,null,-1,-1,-1,2,1,1,identity,tunnel,random,1,1,clustering,1,0,0,0,0,6,0,0,0,0.823851,1,,34.9552,0
output/tunnel2110.0den101d.map_4random.out,null,-1,-1,-1,2,1,10,identity,tunnel,random,1,1,random,1,0,0,0,0,6,0,0,0,60.0768,3,,65.1605,0
output/tunnel210.5den101d.map_5random.out,null,-1,-1,-1,2,1,0.5,identity,tunnel,random,1,1,random,1,0,0,0,0,6,0,0,0,2.35262,5,,64.1856,0
output/tunnel210.1den101d.map_4cls.out,null,-1,-1,-1,2,1,0.1,identity,tunnel,random,1,1,clustering,1,0,0,0,0,6,0,0,0,0.0254183,41,,65.1605,0
output/tunnel211.0lak202d.map_5cls.out,null,-1,-1,-1,2,1,1,identity,tunnel,random,1,1,clustering,1,0,0,0,0,6,0,0,0,0.618398,10,,243.494,0
output/tunnel210.5lak202d.map_5cls.out,null,-1,-1,-1,2,1,0.5,identity,tunnel,random,1,1,clustering,1,0,0,0,0,6,0,0,0,0.198338,44,,243.494,0
output/tunnel215.0den101d.map_3cls.out,null,-1,-1,-1,2,1,5,identity,tunnel,random,1,1,clustering,1,0,0,0,0,6,0,0,0,4.83337,6,,93.7364,0
output/tunnel212.0lak202d.map_1random.out,null,-1,-1,-1,2,1,2,identity,tunnel,random,1,1,random,1,0,0,0,0,6,0,0,0,8.18612,14,,265.94,0
output/tunnel2110.0lak202d.map_3random.out,null,-1,-1,-1,2,1,10,identity,tunnel,random,1,1,random,1,0,0,0,0,6,0,0,0,60.149,7,,181.404,0
output/tunnel210.5orz000d.map_5cls.out,null,-1,-1,-1,2,1,0.5,identity,tunnel,random,1,1,clustering,1,0,0,0,0,6,0,0,0,0.177579,101,,97.0365,0
output/tunnel213.0lak202d.map_1random.out,null,-1,-1,-1,2,1,3,identity,tunnel,random,1,1,random,1,0,0,0,0,6,0,0,0,12.3496,14,,265.94,0
output/tunnel212.0lak510d.map_4cls.out,null,-1,-1,-1,2,1,2,identity,tunnel,random,1,1,clustering,1,0,0,0,0,6,0,0,0,1.74123,8,,165.467,0
output/tunnel215.0orz201d.map_1random.out,null,-1,-1,-1,2,1,5,identity,tunnel,random,1,1,random,1,0,0,0,0,6,0,0,0,25.4445,3,,47.9408,0
output/tunnel211.0den101d.map_4random.out,null,-1,-1,-1,2,1,1,identity,tunnel,random,1,1,random,1,0,0,0,0,6,0,0,0,5.92096,3,,65.1605,0
output/tunnel210.1lak510d.map_3random.out,null,-1,-1,-1,2,1,0.1,identity,tunnel,random,1,1,random,1,0,0,0,0,6,0,0,0,0.380346,12,,169.435,0
output/tunnel210.3lak202d.map_3random.out,null,-1,-1,-1,2,1,0.3,identity,tunnel,random,1,1,random,1,0,0,0,0,6,0,0,0,1.75815,7,,181.404,0
output/tunnel210.5lak510d.map_3random.out,null,-1,-1,-1,2,1,0.5,identity,tunnel,random,1,1,random,1,0,0,0,0,6,0,0,0,2.06265,11,,169.435,0
output/tunnel2110.0orz201d.map_3random.out,null,-1,-1,-1,2,1,10,identity,tunnel,random,1,1,random,1,0,0,0,0,6,0,0,0,64.8734,4,,52.2948,0
output/tunnel211.0orz201d.map_5merge.out,null,-1,-1,-1,2,1,1,identity,tunnel,asccost,1,1,merge,1,616,8,665,362061,6,8,5,1257,0.109226,1838, 0.056250 0.000000 0.000000 0.000000 0.056250 0.109226 0.109226 0.109226,52.1857,523
output/tunnel213.0lak510d.map_2random.out,null,-1,-1,-1,2,1,3,identity,tunnel,random,1,1,random,1,0,0,0,0,6,0,0,0,13.1797,9,,157.074,0
output/tunnel211.0den201d.map_2merge.out,null,-1,-1,-1,2,1,1,identity,tunnel,asccost,1,1,merge,1,603,9,967,309670,6,8,5,1153,0.204945,1724, 0.187087 0.000000 0.026786 0.085417 0.187087 0.204945 0.204945 0.204945,31.0373,271
output/tunnel2110.0orz201d.map_4cls.out,null,-1,-1,-1,2,1,10,identity,tunnel,random,1,1,clustering,1,0,0,0,0,6,0,0,0,9.69252,3,,63.0983,0
output/tunnel210.5orz201d.map_5random.out,null,-1,-1,-1,2,1,0.5,identity,tunnel,random,1,1,random,1,0,0,0,0,6,0,0,0,2.28165,3,,52.1857,0
output/tunnel213.0orz201d.map_2cls.out,null,-1,-1,-1,2,1,3,identity,tunnel,random,1,1,clustering,1,0,0,0,0,6,0,0,0,2.75636,2,,43.5195,0
output/tunnel210.5orz000d.map_4random.out,null,-1,-1,-1,2,1,0.5,identity,tunnel,random,1,1,random,1,0,0,0,0,6,0,0,0,2.05767,6,,82.8784,0
output/tunnel211.0orz000d.map_5cls.out,null,-1,-1,-1,2,1,1,identity,tunnel,random,1,1,clustering,1,0,0,0,0,6,0,0,0,0.620327,4,,97.0365,0
output/tunnel213.0lak510d.map_4random.out,null,-1,-1,-1,2,1,3,identity,tunnel,random,1,1,random,1,0,0,0,0,6,0,0,0,11.8752,12,,165.467,0
output/tunnel211.0den101d.map_4cls.out,null,-1,-1,-1,2,1,1,identity,tunnel,random,1,1,clustering,1,0,0,0,0,6,0,0,0,0.834358,10,,65.1605,0
output/tunnel213.0orz201d.map_3random.out,null,-1,-1,-1,2,1,3,identity,tunnel,random,1,1,random,1,0,0,0,0,6,0,0,0,19.3237,3,,52.2948,0
output/tunnel210.5lak510d.map_2cls.out,null,-1,-1,-1,2,1,0.5,identity,tunnel,random,1,1,clustering,1,0,0,0,0,6,0,0,0,0.163705,18,,157.074,0
output/tunnel2110.0lak202d.map_3cls.out,null,-1,-1,-1,2,1,10,identity,tunnel,random,1,1,clustering,1,0,0,0,0,6,0,0,0,9.63333,7,,181.404,0
output/tunnel213.0lak510d.map_3random.out,null,-1,-1,-1,2,1,3,identity,tunnel,random,1,1,random,1,0,0,0,0,6,0,0,0,12.6038,11,,169.435,0
output/tunnel212.0orz000d.map_1cls.out,null,-1,-1,-1,2,1,2,identity,tunnel,random,1,1,clustering,1,0,0,0,0,6,0,0,0,1.53055,5,,116.842,0
output/tunnel210.3den101d.map_1random.out,null,-1,-1,-1,2,1,0.3,identity,tunnel,random,1,1,random,1,0,0,0,0,6,0,0,0,1.39942,7,,102.627,0
output/tunnel210.5orz000d.map_2cls.out,null,-1,-1,-1,2,1,0.5,identity,tunnel,random,1,1,clustering,1,0,0,0,0,6,0,0,0,0.168412,79,,91.7946,0
output/tunnel215.0lak510d.map_2cls.out,null,-1,-1,-1,2,1,5,identity,tunnel,random,1,1,clustering,1,0,0,0,0,6,0,0,0,4.6413,7,,157.074,0
output/tunnel213.0lak510d.map_1cls.out,null,-1,-1,-1,2,1,3,identity,tunnel,random,1,1,clustering,1,0,0,0,0,6,0,0,0,2.64115,8,,164.859,0
output/tunnel213.0orz201d.map_5random.out,null,-1,-1,-1,2,1,3,identity,tunnel,random,1,1,random,1,0,0,0,0,6,0,0,0,14.0276,3,,52.1857,0
output/tunnel210.1orz000d.map_5random.out,null,-1,-1,-1,2,1,0.1,identity,tunnel,random,1,1,random,1,0,0,0,0,6,0,0,0,0.410638,6,,97.0365,0
output/tunnel2110.0den101d.map_3random.out,null,-1,-1,-1,2,1,10,identity,tunnel,random,1,1,random,1,0,0,0,0,6,0,0,0,41.48,7,,93.7364,0
output/tunnel210.5den201d.map_4random.out,null,-1,-1,-1,2,1,0.5,identity,tunnel,random,1,1,random,1,0,0,0,0,6,0,0,0,2.28208,1,,34.9552,0
output/tunnel210.1lak510d.map_1cls.out,null,-1,-1,-1,2,1,0.1,identity,tunnel,random,1,1,clustering,1,0,0,0,0,6,0,0,0,0.0209924,234,,164.859,0
output/tunnel213.0lak202d.map_1cls.out,null,-1,-1,-1,2,1,3,identity,tunnel,random,1,1,clustering,1,0,0,0,0,6,0,0,0,2.55007,9,,265.94,0
output/tunnel213.0lak202d.map_3random.out,null,-1,-1,-1,2,1,3,identity,tunnel,random,1,1,random,1,0,0,0,0,6,0,0,0,18.0273,7,,181.404,0
output/tunnel2110.0lak510d.map_5random.out,null,-1,-1,-1,2,1,10,identity,tunnel,random,1,1,random,1,0,0,0,0,6,0,0,0,48.0381,7,,125.683,0
output/tunnel211.0lak510d.map_4merge.out,null,-1,-1,-1,2,1,1,identity,tunnel,asccost,1,1,merge,1,1459,42,3206,5414456,6,8,6,20691,0.151761,39128, 0.151761 0.029688 0.095556 0.147500 0.151761 0.151761 0.151761 0.151761,165.467,2619
output/tunnel2110.0den201d.map_1random.out,null,-1,-1,-1,2,1,10,identity,tunnel,random,1,1,random,1,0,0,0,0,6,0,0,0,42.3128,2,,43.3694,0
output/tunnel210.1orz201d.map_4cls.out,null,-1,-1,-1,2,1,0.1,identity,tunnel,random,1,1,clustering,1,0,0,0,0,6,0,0,0,0.0131579,23,,63.0983,0
output/tunnel210.1lak510d.map_4cls.out,null,-1,-1,-1,2,1,0.1,identity,tunnel,random,1,1,clustering,1,0,0,0,0,6,0,0,0,0.0238258,412,,165.467,0
output/tunnel2110.0orz201d.map_5cls.out,null,-1,-1,-1,2,1,10,identity,tunnel,random,1,1,clustering,1,0,0,0,0,6,0,0,0,9.44712,1,,52.1857,0
output/tunnel210.5den101d.map_3random.out,null,-1,-1,-1,2,1,0.5,identity,tunnel,random,1,1,random,1,0,0,0,0,6,0,0,0,2.00302,6,,93.7364,0
output/tunnel210.1orz000d.map_4random.out,null,-1,-1,-1,2,1,0.1,identity,tunnel,random,1,1,random,1,0,0,0,0,6,0,0,0,0.337538,6,,82.8784,0
output/tunnel212.0orz201d.map_2random.out,null,-1,-1,-1,2,1,2,identity,tunnel,random,1,1,random,1,0,0,0,0,6,0,0,0,16.1152,2,,43.5195,0
output/tunnel210.3lak202d.map_2cls.out,null,-1,-1,-1,2,1,0.3,identity,tunnel,random,1,1,clustering,1,0,0,0,0,6,0,0,0,0.0292017,193,,321.063,0
output/tunnel213.0den201d.map_2random.out,null,-1,-1,-1,2,1,3,identity,tunnel,random,1,1,random,1,0,0,0,0,6,0,0,0,11.7148,2,,31.0373,0
output/tunnel210.3lak202d.map_5cls.out,null,-1,-1,-1,2,1,0.3,identity,tunnel,random,1,1,clustering,1,0,0,0,0,6,0,0,0,0.0381089,147,,243.494,0
output/tunnel2110.0den201d.map_5cls.out,null,-1,-1,-1,2,1,10,identity,tunnel,random,1,1,clustering,1,0,0,0,0,6,0,0,0,9.75664,2,,45.5075,0
output/tunnel215.0lak202d.map_2cls.out,null,-1,-1,-1,2,1,5,identity,tunnel,random,1,1,clustering,1,0,0,0,0,6,0,0,0,5.23551,15,,321.063,0
output/tunnel212.0orz000d.map_1random.out,null,-1,-1,-1,2,1,2,identity,tunnel,random,1,1,random,1,0,0,0,0,6,0,0,0,9.74165,7,,116.842,0
output/tunnel215.0orz201d.map_1cls.out,null,-1,-1,-1,2,1,5,identity,tunnel,random,1,1,clustering,1,0,0,0,0,6,0,0,0,4.70543,2,,47.9408,0
output/tunnel210.3orz000d.map_5cls.out,null,-1,-1,-1,2,1,0.3,identity,tunnel,random,1,1,clustering,1,0,0,0,0,6,0,0,0,0.106321,101,,97.0365,0
output/tunnel215.0orz201d.map_2random.out,null,-1,-1,-1,2,1,5,identity,tunnel,random,1,1,random,1,0,0,0,0,6,0,0,0,40.8401,3,,43.5195,0
output/tunnel212.0den101d.map_4random.out,null,-1,-1,-1,2,1,2,identity,tunnel,random,1,1,random,1,0,0,0,0,6,0,0,0,11.9628,3,,65.1605,0
output/tunnel211.0lak510d.map_2cls.out,null,-1,-1,-1,2,1,1,identity,tunnel,random,1,1,clustering,1,0,0,0,0,6,0,0,0,0.641303,7,,157.074,0
output/tunnel210.1lak202d.map_3random.out,null,-1,-1,-1,2,1,0.1,identity,tunnel,random,1,1,random,1,0,0,0,0,6,0,0,0,0.533712,7,,181.404,0
output/tunnel210.3lak202d.map_1cls.out,null,-1,-1,-1,2,1,0.3,identity,tunnel,random,1,1,clustering,1,0,0,0,0,6,0,0,0,0.0614057,23,,265.94,0
output/tunnel210.3lak202d.map_1random.out,null,-1,-1,-1,2,1,0.3,identity,tunnel,random,1,1,random,1,0,0,0,0,6,0,0,0,1.19137,14,,265.94,0
output/tunnel215.0orz000d.map_3random.out,null,-1,-1,-1,2,1,5,identity,tunnel,random,1,1,random,1,0,0,0,0,6,0,0,0,23.4024,8,,118.373,0
output/tunnel215.0lak202d.map_4cls.out,null,-1,-1,-1,2,1,5,identity,tunnel,random,1,1,clustering,1,0,0,0,0,6,0,0,0,4.73923,9,,205.634,0
output/tunnel210.5orz201d.map_3random.out,null,-1,-1,-1,2,1,0.5,identity,tunnel,random,1,1,random,1,0,0,0,0,6,0,0,0,3.04928,3,,52.2948,0
output/tunnel210.3orz201d.map_2cls.out,null,-1,-1,-1,2,1,0.3,identity,tunnel,random,1,1,clustering,1,0,0,0,0,6,0,0,0,0,37,,43.5195,0
output/tunnel211.0lak202d.map_5random.out,null,-1,-1,-1,2,1,1,identity,tunnel,random,1,1,random,1,0,0,0,0,6,0,0,0,4.52539,13,,243.494,0
output/tunnel213.0orz000d.map_1cls.out,null,-1,-1,-1,2,1,3,identity,tunnel,random,1,1,clustering,1,0,0,0,0,6,0,0,0,2.53055,5,,116.842,0
output/tunnel210.3orz000d.map_1random.out,null,-1,-1,-1,2,1,0.3,identity,tunnel,random,1,1,random,1,0,0,0,0,6,0,0,0,1.39902,9,,116.842,0
output/tunnel215.0den201d.map_3random.out,null,-1,-1,-1,2,1,5,identity,tunnel,random,1,1,random,1,0,0,0,0,6,0,0,0,18.0479,2,,41.8321,0
output/tunnel210.1orz000d.map_5cls.out,null,-1,-1,-1,2,1,0.1,identity,tunnel,random,1,1,clustering,1,0,0,0,0,6,0,0,0,0.0227273,103,,97.0365,0
output/tunnel212.0den101d.map_1random.out,null,-1,-1,-1,2,1,2,identity,tunnel,random,1,1,random,1,0,0,0,0,6,0,0,0,10.1504,7,,102.627,0
output/tunnel210.3lak510d.map_1cls.out,null,-1,-1,-1,2,1,0.3,identity,tunnel,random,1,1,clustering,1,0,0,0,0,6,0,0,0,0.0894839,206,,164.859,0
output/tunnel211.0orz000d.map_1merge.out,null,-1,-1,-1,2,1,1,identity,tunnel,asccost,1,1,merge,1,1220,55,1510,3953251,6,8,5,7600,0.123135,25494, 0.123135 0.016827 0.067308 0.114526 0.123135 0.123135 0.123135 0.123135,116.842,1687
output/tunnel213.0den101d.map_3random.out,null,-1,-1,-1,2,1,3,identity,tunnel,random,1,1,random,1,0,0,0,0,6,0,0,0,12.422,6,,93.7364,0
output/tunnel212.0orz000d.map_3cls.out,null,-1,-1,-1,2,1,2,identity,tunnel,random,1,1,clustering,1,0,0,0,0,6,0,0,0,1.64306,7,,118.373,0
output/tunnel2110.0den101d.map_5random.out,null,-1,-1,-1,2,1,10,identity,tunnel,random,1,1,random,1,0,0,0,0,6,0,0,0,47.5013,5,,64.1856,0
output/tunnel212.0lak202d.map_2random.out,null,-1,-1,-1,2,1,2,identity,tunnel,random,1,1,random,1,0,0,0,0,6,0,0,0,53.6665,15,,321.063,0
output/tunnel210.3lak202d.map_5random.out,null,-1,-1,-1,2,1,0.3,identity,tunnel,random,1,1,random,1,0,0,0,0,6,0,0,0,1.32508,13,,243.494,0
output/tunnel215.0lak510d.map_2random.out,null,-1,-1,-1,2,1,5,identity,tunnel,random,1,1,random,1,0,0,0,0,6,0,0,0,22.0551,9,,157.074,0
output/tunnel211.0lak510d.map_3merge.out,null,-1,-1,-1,2,1,1,identity,tunnel,asccost,1,1,merge,1,1250,17,2129,8881229,6,8,6,29969,0.27592,70702, 0.275920 0.027061 0.065182 0.126013 0.275920 0.275920 0.275920 0.275920,169.435,1983
output/tunnel212.0orz000d.map_5random.out,null,-1,-1,-1,2,1,2,identity,tunnel,random,1,1,random,1,0,0,0,0,6,0,0,0,10.428,6,,97.0365,0
output/tunnel210.5den201d.map_1cls.out,null,-1,-1,-1,2,1,0.5,identity,tunnel,random,1,1,clustering,1,0,0,0,0,6,0,0,0,0.21547,13,,43.3694,0
output/tunnel210.5orz201d.map_3cls.out,null,-1,-1,-1,2,1,0.5,identity,tunnel,random,1,1,clustering,1,0,0,0,0,6,0,0,0,0.207996,16,,52.2948,0
output/tunnel215.0orz000d.map_1random.out,null,-1,-1,-1,2,1,5,identity,tunnel,random,1,1,random,1,0,0,0,0,6,0,0,0,24.5339,9,,116.842,0
output/tunnel210.1orz201d.map_2random.out,null,-1,-1,-1,2,1,0.1,identity,tunnel,random,1,1,random,1,0,0,0,0,6,0,0,0,0.594374,2,,43.5195,0
output/tunnel210.1lak510d.map_5random.out,null,-1,-1,-1,2,1,0.1,identity,tunnel,random,1,1,random,1,0,0,0,0,6,0,0,0,0.409957,8,,125.683,0
output/tunnel211.0orz201d.map_5random.out,null,-1,-1,-1,2,1,1,identity,tunnel,random,1,1,random,1,0,0,0,0,6,0,0,0,4.58002,3,,52.1857,0
output/tunnel211.0lak202d.map_4merge.out,null,-1,-1,-1,2,1,1,identity,tunnel,asccost,1,1,merge,1,277,6,1445,1754566,6,8,6,18337,0.292222,13752, 0.270671 0.000000 0.022059 0.088394 0.270671 0.292222 0.292222 0.292222,205.634,477
output/tunnel2110.0orz201d.map_3cls.out,null,-1,-1,-1,2,1,10,identity,tunnel,random,1,1,clustering,1,0,0,0,0,6,0,0,0,9.73249,3,,52.2948,0
output/tunnel210.3orz000d.map_3random.out,null,-1,-1,-1,2,1,0.3,identity,tunnel,random,1,1,random,1,0,0,0,0,6,0,0,0,1.3636,8,,118.373,0
output/tunnel212.0orz201d.map_1cls.out,null,-1,-1,-1,2,1,2,identity,tunnel,random,1,1,clustering,1,0,0,0,0,6,0,0,0,1.70543,2,,47.9408,0
output/tunnel212.0lak510d.map_5cls.out,null,-1,-1,-1,2,1,2,identity,tunnel,random,1,1,clustering,1,0,0,0,0,6,0,0,0,1.76915,7,,125.683,0
output/tunnel210.1orz201d.map_5random.out,null,-1,-1,-1,2,1,0.1,identity,tunnel,random,1,1,random,1,0,0,0,0,6,0,0,0,0.377585,3,,52.1857,0
output/tunnel2110.0orz000d.map_1random.out,null,-1,-1,-1,2,1,10,identity,tunnel,random,1,1,random,1,0,0,0,0,6,0,0,0,49.0493,6,,116.842,0
output/tunnel210.1den201d.map_4cls.out,null,-1,-1,-1,2,1,0.1,identity,tunnel,random,1,1,clustering,1,0,0,0,0,6,0,0,0,0.0119048,10,,34.9552,0
output/tunnel2110.0orz201d.map_1random.out,null,-1,-1,-1,2,1,10,identity,tunnel,random,1,1,random,1,0,0,0,0,6,0,0,0,50.8445,3,,47.9408,0
output/tunnel210.5orz201d.map_4random.out,null,-1,-1,-1,2,1,0.5,identity,tunnel,random,1,1,random,1,0,0,0,0,6,0,0,0,2.19468,4,,63.0983,0
output/tunnel210.1orz000d.map_4cls.out,null,-1,-1,-1,2,1,0.1,identity,tunnel,random,1,1,clustering,1,0,0,0,0,6,0,0,0,0.0365665,193,,82.8784,0
output/tunnel215.0den201d.map_1cls.out,null,-1,-1,-1,2,1,5,identity,tunnel,random,1,1,clustering,1,0,0,0,0,6,0,0,0,4.71197,1,,43.3694,0
output/tunnel210.1orz201d.map_2cls.out,null,-1,-1,-1,2,1,0.1,identity,tunnel,random,1,1,clustering,1,0,0,0,0,6,0,0,0,0,33,,43.5195,0
output/tunnel212.0orz000d.map_2random.out,null,-1,-1,-1,2,1,2,identity,tunnel,random,1,1,random,1,0,0,0,0,6,0,0,0,15.2763,4,,91.7946,0
output/tunnel213.0orz201d.map_5cls.out,null,-1,-1,-1,2,1,3,identity,tunnel,random,1,1,clustering,1,0,0,0,0,6,0,0,0,2.44712,1,,52.1857,0
output/tunnel215.0lak510d.map_5random.out,null,-1,-1,-1,2,1,5,identity,tunnel,random,1,1,random,1,0,0,0,0,6,0,0,0,24.0395,7,,125.683,0
output/tunnel213.0den201d.map_3cls.out,null,-1,-1,-1,2,1,3,identity,tunnel,random,1,1,clustering,1,0,0,0,0,6,0,0,0,2.83848,2,,41.8321,0
output/tunnel210.1den101d.map_4random.out,null,-1,-1,-1,2,1,0.1,identity,tunnel,random,1,1,random,1,0,0,0,0,6,0,0,0,0.411327,3,,65.1605,0
output/tunnel215.0lak510d.map_4cls.out,null,-1,-1,-1,2,1,5,identity,tunnel,random,1,1,clustering,1,0,0,0,0,6,0,0,0,4.74124,8,,165.467,0
output/tunnel210.5orz000d.map_1random.out,null,-1,-1,-1,2,1,0.5,identity,tunnel,random,1,1,random,1,0,0,0,0,6,0,0,0,2.38197,9,,116.842,0
output/tunnel215.0lak510d.map_3random.out,null,-1,-1,-1,2,1,5,identity,tunnel,random,1,1,random,1,0,0,0,0,6,0,0,0,20.9534,10,,169.435,0
output/tunnel2110.0lak510d.map_3cls.out,null,-1,-1,-1,2,1,10,identity,tunnel,random,1,1,clustering,1,0,0,0,0,6,0,0,0,9.69965,9,,169.435,0
output/tunnel210.5lak510d.map_1cls.out,null,-1,-1,-1,2,1,0.5,identity,tunnel,random,1,1,clustering,1,0,0,0,0,6,0,0,0,0.196198,127,,164.859,0
output/tunnel213.0den101d.map_2random.out,null,-1,-1,-1,2,1,3,identity,tunnel,random,1,1,random,1,0,0,0,0,6,0,0,0,18.9241,4,,73.4035,0
output/tunnel210.1lak510d.map_4random.out,null,-1,-1,-1,2,1,0.1,identity,tunnel,random,1,1,random,1,0,0,0,0,6,0,0,0,0.352934,11,,165.467,0
output/tunnel215.0den101d.map_1random.out,null,-1,-1,-1,2,1,5,identity,tunnel,random,1,1,random,1,0,0,0,0,6,0,0,0,25.5101,7,,102.627,0
output/tunnel210.1orz000d.map_2cls.out,null,-1,-1,-1,2,1,0.1,identity,tunnel,random,1,1,clustering,1,0,0,0,0,6,0,0,0,0.012462,116,,91.7946,0
output/tunnel2110.0lak202d.map_5random.out,null,-1,-1,-1,2,1,10,identity,tunnel,random,1,1,random,1,0,0,0,0,6,0,0,0,45.9236,12,,243.494,0
output/tunnel212.0orz201d.map_4cls.out,null,-1,-1,-1,2,1,2,identity,tunnel,random,1,1,clustering,1,0,0,0,0,6,0,0,0,1.69252,3,,63.0983,0
output/tunnel213.0den201d.map_3random.out,null,-1,-1,-1,2,1,3,identity,tunnel,random,1,1,random,1,0,0,0,0,6,0,0,0,10.7837,2,,41.8321,0
output/tunnel210.3den201d.map_2random.out,null,-1,-1,-1,2,1,0.3,identity,tunnel,random,1,1,random,1,0,0,0,0,6,0,0,0,1.01422,2,,31.0373,0
output/tunnel212.0lak202d.map_4random.out,null,-1,-1,-1,2,1,2,identity,tunnel,random,1,1,random,1,0,0,0,0,6,0,0,0,13.1909,13,,205.634,0
output/tunnel210.5lak202d.map_5random.out,null,-1,-1,-1,2,1,0.5,identity,tunnel,random,1,1,random,1,0,0,0,0,6,0,0,0,2.21966,13,,243.494,0
output/tunnel211.0den201d.map_5merge.out,null,-1,-1,-1,2,1,1,identity,tunnel,asccost,1,1,merge,1,410,8,1355,144281,6,8,5,929,0.133404,617, 0.133404 0.000000 0.055748 0.080733 0.133404 0.133404 0.133404 0.133404,45.5075,653
output/tunnel212.0den201d.map_2random.out,null,-1,-1,-1,2,1,2,identity,tunnel,random,1,1,random,1,0,0,0,0,6,0,0,0,7.78272,2,,31.0373,0
output/tunnel210.1orz201d.map_3cls.out,null,-1,-1,-1,2,1,0.1,identity,tunnel,random,1,1,clustering,1,0,0,0,0,6,0,0,0,0,32,,52.2948,0
output/tunnel210.3den201d.map_1random.out,null,-1,-1,-1,2,1,0.3,identity,tunnel,random,1,1,random,1,0,0,0,0,6,0,0,0,1.08152,2,,43.3694,0
output/tunnel213.0lak202d.map_2cls.out,null,-1,-1,-1,2,1,3,identity,tunnel,random,1,1,clustering,1,0,0,0,0,6,0,0,0,2.98551,15,,321.063,0
output/tunnel210.3orz201d.map_3cls.out,null,-1,-1,-1,2,1,0.3,identity,tunnel,random,1,1,clustering,1,0,0,0,0,6,0,0,0,0.0704514,31,,52.2948,0
output/tunnel211.0lak510d.map_1merge.out,null,-1,-1,-1,2,1,1,identity,tunnel,asccost,1,1,merge,1,1618,59,1575,9090626,6,8,5,10469,0.118718,67955, 0.089577 0.000000 0.004967 0.046699 0.089577 0.118718 0.118718 0.118718,164.859,2252
output/tunnel213.0den101d.map_3cls.out,null,-1,-1,-1,2,1,3,identity,tunnel,random,1,1,clustering,1,0,0,0,0,6,0,0,0,2.83337,5,,93.7364,0
output/tunnel210.1den101d.map_1random.out,null,-1,-1,-1,2,1,0.1,identity,tunnel,random,1,1,random,1,0,0,0,0,6,0,0,0,0.411449,7,,102.627,0
output/tunnel212.0lak510d.map_3random.out,null,-1,-1,-1,2,1,2,identity,tunnel,random,1,1,random,1,0,0,0,0,6,0,0,0,8.36058,11,,169.435,0
output/tunnel210.1den201d.map_3cls.out,null,-1,-1,-1,2,1,0.1,identity,tunnel,random,1,1,clustering,1,0,0,0,0,6,0,0,0,0,18,,41.8321,0
output/tunnel211.0lak202d.map_2random.out,null,-1,-1,-1,2,1,1,identity,tunnel,random,1,1,random,1,0,0,0,0,6,0,0,0,26.7392,15,,321.063,0
output/tunnel210.1orz000d.map_3cls.out,null,-1,-1,-1,2,1,0.1,identity,tunnel,random,1,1,clustering,1,0,0,0,0,6,0,0,0,0.0230232,89,,118.373,0
output/tunnel213.0den201d.map_4random.out,null,-1,-1,-1,2,1,3,identity,tunnel,random,1,1,random,1,0,0,0,0,6,0,0,0,15.2283,1,,34.9552,0
output/tunnel211.0lak202d.map_1random.out,null,-1,-1,-1,2,1,1,identity,tunnel,random,1,1,random,1,0,0,0,0,6,0,0,0,4.08631,14,,265.94,0
output/tunnel210.5den101d.map_2cls.out,null,-1,-1,-1,2,1,0.5,identity,tunnel,random,1,1,clustering,1,0,0,0,0,6,0,0,0,0.257244,32,,73.4035,0
output/tunnel210.1orz201d.map_5cls.out,null,-1,-1,-1,2,1,0.1,identity,tunnel,random,1,1,clustering,1,0,0,0,0,6,0,0,0,0.0119048,23,,52.1857,0
output/tunnel211.0lak202d.map_1cls.out,null,-1,-1,-1,2,1,1,identity,tunnel,random,1,1,clustering,1,0,0,0,0,6,0,0,0,0.550072,9,,265.94,0
output/tunnel2110.0orz000d.map_2random.out,null,-1,-1,-1,2,1,10,identity,tunnel,random,1,1,random,1,0,0,0,0,6,0,0,0,76.8209,5,,91.7946,0
output/tunnel213.0lak510d.map_3cls.out,null,-1,-1,-1,2,1,3,identity,tunnel,random,1,1,clustering,1,0,0,0,0,6,0,0,0,2.69965,8,,169.435,0
output/tunnel210.3den101d.map_3random.out,null,-1,-1,-1,2,1,0.3,identity,tunnel,random,1,1,random,1,0,0,0,0,6,0,0,0,1.15496,6,,93.7364,0
output/tunnel213.0den101d.map_1cls.out,null,-1,-1,-1,2,1,3,identity,tunnel,random,1,1,clustering,1,0,0,0,0,6,0,0,0,2.61671,4,,102.627,0
output/tunnel213.0orz000d.map_3random.out,null,-1,-1,-1,2,1,3,identity,tunnel,random,1,1,random,1,0,0,0,0,6,0,0,0,14.1014,8,,118.373,0
output/tunnel212.0den201d.map_5cls.out,null,-1,-1,-1,2,1,2,identity,tunnel,random,1,1,clustering,1,0,0,0,0,6,0,0,0,1.75664,2,,45.5075,0
output/tunnel2110.0lak510d.map_2cls.out,null,-1,-1,-1,2,1,10,identity,tunnel,random,1,1,clustering,1,0,0,0,0,6,0,0,0,9.63793,7,,157.074,0
output/tunnel213.0den101d.map_5cls.out,null,-1,-1,-1,2,1,3,identity,tunnel,random,1,1,clustering,1,0,0,0,0,6,0,0,0,2.7232,3,,64.1856,0
output/tunnel2110.0den201d.map_5random.out,null,-1,-1,-1,2,1,10,identity,tunnel,random,1,1,random,1,0,0,0,0,6,0,0,0,53.7342,3,,45.5075,0
output/tunnel211.0den101d.map_3merge.out,null,-1,-1,-1,2,1,1,identity,tunnel,asccost,1,1,merge,1,379,14,1006,395998,6,8,6,3890,0.109513,2497, 0.109513 0.000000 0.003731 0.085115 0.109513 0.109513 0.109513 0.109513,93.7364,446
output/tunnel2110.0lak510d.map_4cls.out,null,-1,-1,-1,2,1,10,identity,tunnel,random,1,1,clustering,1,0,0,0,0,6,0,0,0,9.74123,8,,165.467,0
output/tunnel2110.0lak202d.map_1cls.out,null,-1,-1,-1,2,1,10,identity,tunnel,random,1,1,clustering,1,0,0,0,0,6,0,0,0,9.55007,9,,265.94,0
output/tunnel213.0lak202d.map_3cls.out,null,-1,-1,-1,2,1,3,identity,tunnel,random,1,1,clustering,1,0,0,0,0,6,0,0,0,2.63333,6,,181.404,0
output/tunnel211.0den201d.map_3cls.out,null,-1,-1,-1,2,1,1,identity,tunnel,random,1,1,clustering,1,0,0,0,0,6,0,0,0,0.838475,2,,41.8321,0
output/tunnel215.0orz000d.map_1cls.out,null,-1,-1,-1,2,1,5,identity,tunnel,random,1,1,clustering,1,0,0,0,0,6,0,0,0,4.53055,5,,116.842,0
output/tunnel212.0orz000d.map_4cls.out,null,-1,-1,-1,2,1,2,identity,tunnel,random,1,1,clustering,1,0,0,0,0,6,0,0,0,1.65608,4,,82.8784,0
output/tunnel2110.0lak202d.map_4cls.out,null,-1,-1,-1,2,1,10,identity,tunnel,random,1,1,clustering,1,0,0,0,0,6,0,0,0,9.73923,9,,205.634,0
output/tunnel210.5den201d.map_5cls.out,null,-1,-1,-1,2,1,0.5,identity,tunnel,random,1,1,clustering,1,0,0,0,0,6,0,0,0,0.248771,2,,45.5075,0
output/tunnel215.0orz000d.map_3cls.out,null,-1,-1,-1,2,1,5,identity,tunnel,random,1,1,clustering,1,0,0,0,0,6,0,0,0,4.63795,7,,118.373,0
output/tunnel211.0lak510d.map_2random.out,null,-1,-1,-1,2,1,1,identity,tunnel,random,1,1,random,1,0,0,0,0,6,0,0,0,4.37095,9,,157.074,0
output/tunnel212.0lak202d.map_4cls.out,null,-1,-1,-1,2,1,2,identity,tunnel,random,1,1,clustering,1,0,0,0,0,6,0,0,0,1.73923,9,,205.634,0
output/tunnel210.3orz201d.map_4random.out,null,-1,-1,-1,2,1,0.3,identity,tunnel,random,1,1,random,1,0,0,0,0,6,0,0,0,1.26824,4,,63.0983,0
output/tunnel211.0den201d.map_3random.out,null,-1,-1,-1,2,1,1,identity,tunnel,random,1,1,random,1,0,0,0,0,6,0,0,0,3.46882,2,,41.8321,0
output/tunnel215.0den101d.map_4cls.out,null,-1,-1,-1,2,1,5,identity,tunnel,random,1,1,clustering,1,0,0,0,0,6,0,0,0,4.93218,2,,65.1605,0
output/tunnel210.5lak510d.map_4random.out,null,-1,-1,-1,2,1,0.5,identity,tunnel,random,1,1,random,1,0,0,0,0,6,0,0,0,1.91671,9,,165.467,0
output/tunnel210.1lak202d.map_5random.out,null,-1,-1,-1,2,1,0.1,identity,tunnel,random,1,1,random,1,0,0,0,0,6,0,0,0,0.426027,13,,243.494,0
output/tunnel210.3orz201d.map_3random.out,null,-1,-1,-1,2,1,0.3,identity,tunnel,random,1,1,random,1,0,0,0,0,6,0,0,0,1.75915,4,,52.2948,0
output/tunnel211.0den201d.map_3merge.out,null,-1,-1,-1,2,1,1,identity,tunnel,asccost,1,1,merge,1,521,10,1628,319773,6,8,5,1134,0.252699,1778, 0.252699 0.000000 0.025926 0.179798 0.252699 0.252699 0.252699 0.252699,41.8321,780
output/tunnel210.1den101d.map_3random.out,null,-1,-1,-1,2,1,0.1,identity,tunnel,random,1,1,random,1,0,0,0,0,6,0,0,0,0.329235,5,,93.7364,0
output/tunnel212.0orz000d.map_2cls.out,null,-1,-1,-1,2,1,2,identity,tunnel,random,1,1,clustering,1,0,0,0,0,6,0,0,0,1.67537,4,,91.7946,0
output/tunnel215.0orz201d.map_3cls.out,null,-1,-1,-1,2,1,5,identity,tunnel,random,1,1,clustering,1,0,0,0,0,6,0,0,0,4.75388,2,,52.2948,0
output/tunnel211.0lak510d.map_1cls.out,null,-1,-1,-1,2,1,1,identity,tunnel,random,1,1,clustering,1,0,0,0,0,6,0,0,0,0.641148,7,,164.859,0
output/tunnel210.3orz201d.map_1cls.out,null,-1,-1,-1,2,1,0.3,identity,tunnel,random,1,1,clustering,1,0,0,0,0,6,0,0,0,0.0294118,24,,47.9408,0
output/tunnel212.0lak202d.map_3cls.out,null,-1,-1,-1,2,1,2,identity,tunnel,random,1,1,clustering,1,0,0,0,0,6,0,0,0,1.63333,7,,181.404,0
output/tunnel210.5den101d.map_1random.out,null,-1,-1,-1,2,1,0.5,identity,tunnel,random,1,1,random,1,0,0,0,0,6,0,0,0,2.43224,6,,102.627,0
output/tunnel215.0orz201d.map_5cls.out,null,-1,-1,-1,2,1,5,identity,tunnel,random,1,1,clustering,1,0,0,0,0,6,0,0,0,4.44712,1,,52.1857,0
output/tunnel2110.0den201d.map_4cls.out,null,-1,-1,-1,2,1,10,identity,tunnel,random,1,1,clustering,1,0,0,0,0,6,0,0,0,9.81898,1,,34.9552,0
output/tunnel213.0den201d.map_5random.out,null,-1,-1,-1,2,1,3,identity,tunnel,random,1,1,random,1,0,0,0,0,6,0,0,0,16.068,3,,45.5075,0
output/tunnel2110.0den201d.map_4random.out,null,-1,-1,-1,2,1,10,identity,tunnel,random,1,1,random,1,0,0,0,0,6,0,0,0,51.2783,1,,34.9552,0
output/tunnel213.0orz000d.map_5random.out,null,-1,-1,-1,2,1,3,identity,tunnel,random,1,1,random,1,0,0,0,0,6,0,0,0,15.7082,5,,97.0365,0
output/tunnel215.0lak510d.map_3cls.out,null,-1,-1,-1,2,1,5,identity,tunnel,random,1,1,clustering,1,0,0,0,0,6,0,0,0,4.69965,8,,169.435,0
